Using pre-set license
Built from '2022.3/respin/2022.3.62f2-4af31df585-v2' branch; Version is '2022.3.62f2 (7670c08855a9) revision 7762112'; Using compiler version '192829333'; Build Type 'Release'
OS: 'Windows 10  (10.0.19045) 64bit Core' Language: 'no' Physical Memory: 32690 MB
BatchMode: 1, IsHumanControllingUs: 0, StartBugReporterOnCrash: 0, Is64bit: 1, IsPro: 1

COMMAND LINE ARGUMENTS:
F:\Programfiler\Unity\Editor\2022.3.62f2\Editor\Unity.exe
-adb2
-batchMode
-noUpm
-name
AssetImportWorker0
-projectPath
F:/Library/Projects/Unity Projects/Boolean Dev
-logFile
Logs/AssetImportWorker0.log
-srvPort
54236
Successfully changed project path to: F:/Library/Projects/Unity Projects/Boolean Dev
F:/Library/Projects/Unity Projects/Boolean Dev
[UnityMemory] Configuration Parameters - Can be set up in boot.config
    "memorysetup-bucket-allocator-granularity=16"
    "memorysetup-bucket-allocator-bucket-count=8"
    "memorysetup-bucket-allocator-block-size=33554432"
    "memorysetup-bucket-allocator-block-count=8"
    "memorysetup-main-allocator-block-size=16777216"
    "memorysetup-thread-allocator-block-size=16777216"
    "memorysetup-gfx-main-allocator-block-size=16777216"
    "memorysetup-gfx-thread-allocator-block-size=16777216"
    "memorysetup-cache-allocator-block-size=4194304"
    "memorysetup-typetree-allocator-block-size=2097152"
    "memorysetup-profiler-bucket-allocator-granularity=16"
    "memorysetup-profiler-bucket-allocator-bucket-count=8"
    "memorysetup-profiler-bucket-allocator-block-size=33554432"
    "memorysetup-profiler-bucket-allocator-block-count=8"
    "memorysetup-profiler-allocator-block-size=16777216"
    "memorysetup-profiler-editor-allocator-block-size=1048576"
    "memorysetup-temp-allocator-size-main=16777216"
    "memorysetup-job-temp-allocator-block-size=2097152"
    "memorysetup-job-temp-allocator-block-size-background=1048576"
    "memorysetup-job-temp-allocator-reduction-small-platforms=262144"
    "memorysetup-allocator-temp-initial-block-size-main=262144"
    "memorysetup-allocator-temp-initial-block-size-worker=262144"
    "memorysetup-temp-allocator-size-background-worker=32768"
    "memorysetup-temp-allocator-size-job-worker=262144"
    "memorysetup-temp-allocator-size-preload-manager=33554432"
    "memorysetup-temp-allocator-size-nav-mesh-worker=65536"
    "memorysetup-temp-allocator-size-audio-worker=65536"
    "memorysetup-temp-allocator-size-cloud-worker=32768"
    "memorysetup-temp-allocator-size-gi-baking-worker=262144"
    "memorysetup-temp-allocator-size-gfx=262144"
Player connection [2660]  Target information:

Player connection [2660]  * "[IP] 169.254.146.209 [Port] 0 [Flags] 2 [Guid] 1519530346 [EditorId] 1519530346 [Version] 1048832 [Id] WindowsEditor(7,Tree-Diagram) [Debug] 1 [PackageName] WindowsEditor [ProjectName] Editor" 

Player connection [2660]  * "[IP] 192.168.10.84 [Port] 0 [Flags] 2 [Guid] 1519530346 [EditorId] 1519530346 [Version] 1048832 [Id] WindowsEditor(7,Tree-Diagram) [Debug] 1 [PackageName] WindowsEditor [ProjectName] Editor" 

Player connection [2660] Host joined multi-casting on [225.0.0.222:54997]...
Player connection [2660] Host joined alternative multi-casting on [225.0.0.222:34997]...
Input System module state changed to: Initialized.
[PhysX] Initialized MultithreadedTaskDispatcher with 12 workers.
Refreshing native plugins compatible for Editor in 13.28 ms, found 2 plugins.
Preloading 0 native plugins for Editor in 0.00 ms.
Initialize engine version: 2022.3.62f2 (7670c08855a9)
[Subsystems] Discovering subsystems at path F:/Programfiler/Unity/Editor/2022.3.62f2/Editor/Data/Resources/UnitySubsystems
[Subsystems] Discovering subsystems at path F:/Library/Projects/Unity Projects/Boolean Dev/Assets
GfxDevice: creating device client; threaded=0; jobified=0
Direct3D:
    Version:  Direct3D 11.0 [level 11.1]
    Renderer: NVIDIA GeForce GTX 1060 6GB (ID=0x1c03)
    Vendor:   NVIDIA
    VRAM:     6029 MB
    Driver:   32.0.15.6094
Initialize mono
Mono path[0] = 'F:/Programfiler/Unity/Editor/2022.3.62f2/Editor/Data/Managed'
Mono path[1] = 'F:/Programfiler/Unity/Editor/2022.3.62f2/Editor/Data/MonoBleedingEdge/lib/mono/unityjit-win32'
Mono config path = 'F:/Programfiler/Unity/Editor/2022.3.62f2/Editor/Data/MonoBleedingEdge/etc'
Using monoOptions --debugger-agent=transport=dt_socket,embedding=1,server=y,suspend=n,address=127.0.0.1:56492
Begin MonoManager ReloadAssembly
Registering precompiled unity dll's ...
Register platform support module: F:/Programfiler/Unity/Editor/2022.3.62f2/Editor/Data/PlaybackEngines/WebGLSupport/UnityEditor.WebGL.Extensions.dll
Register platform support module: F:/Programfiler/Unity/Editor/2022.3.62f2/Editor/Data/PlaybackEngines/MacStandaloneSupport/UnityEditor.OSXStandalone.Extensions.dll
Register platform support module: F:/Programfiler/Unity/Editor/2022.3.62f2/Editor/Data/PlaybackEngines/WindowsStandaloneSupport/UnityEditor.WindowsStandalone.Extensions.dll
Register platform support module: F:/Programfiler/Unity/Editor/2022.3.62f2/Editor/Data/PlaybackEngines/LinuxStandaloneSupport/UnityEditor.LinuxStandalone.Extensions.dll
Registered in 0.011635 seconds.
- Loaded All Assemblies, in  0.358 seconds
Native extension for LinuxStandalone target not found
Native extension for WindowsStandalone target not found
Native extension for OSXStandalone target not found
Native extension for WebGL target not found
Mono: successfully reloaded assembly
- Finished resetting the current domain, in  0.266 seconds
Domain Reload Profiling: 624ms
	BeginReloadAssembly (104ms)
		ExecutionOrderSort (0ms)
		DisableScriptedObjects (0ms)
		BackupInstance (0ms)
		ReleaseScriptingObjects (0ms)
		CreateAndSetChildDomain (1ms)
	RebuildCommonClasses (34ms)
	RebuildNativeTypeToScriptingClass (14ms)
	initialDomainReloadingComplete (58ms)
	LoadAllAssembliesAndSetupDomain (147ms)
		LoadAssemblies (104ms)
		RebuildTransferFunctionScriptingTraits (0ms)
		AnalyzeDomain (145ms)
			TypeCache.Refresh (143ms)
				TypeCache.ScanAssembly (130ms)
			ScanForSourceGeneratedMonoScriptInfo (0ms)
			ResolveRequiredComponents (1ms)
	FinalizeReload (266ms)
		ReleaseScriptCaches (0ms)
		RebuildScriptCaches (0ms)
		SetupLoadedEditorAssemblies (218ms)
			LogAssemblyErrors (0ms)
			InitializePlatformSupportModulesInManaged (19ms)
			SetLoadedEditorAssemblies (7ms)
			RefreshPlugins (0ms)
			BeforeProcessingInitializeOnLoad (2ms)
			ProcessInitializeOnLoadAttributes (145ms)
			ProcessInitializeOnLoadMethodAttributes (46ms)
			AfterProcessingInitializeOnLoad (0ms)
			EditorAssembliesLoaded (0ms)
		ExecutionOrderSort2 (0ms)
		AwakeInstancesAfterBackupRestoration (0ms)
========================================================================
Worker process is ready to serve import requests
Caller must complete domain reload
Begin MonoManager ReloadAssembly
Symbol file LoadedFromMemory is not a mono symbol file
- Loaded All Assemblies, in  0.641 seconds
Native extension for LinuxStandalone target not found
Native extension for WindowsStandalone target not found
Native extension for OSXStandalone target not found
Native extension for WebGL target not found
Mono: successfully reloaded assembly
- Finished resetting the current domain, in  0.897 seconds
Domain Reload Profiling: 1538ms
	BeginReloadAssembly (144ms)
		ExecutionOrderSort (0ms)
		DisableScriptedObjects (5ms)
		BackupInstance (0ms)
		ReleaseScriptingObjects (0ms)
		CreateAndSetChildDomain (21ms)
	RebuildCommonClasses (34ms)
	RebuildNativeTypeToScriptingClass (11ms)
	initialDomainReloadingComplete (37ms)
	LoadAllAssembliesAndSetupDomain (414ms)
		LoadAssemblies (348ms)
		RebuildTransferFunctionScriptingTraits (0ms)
		AnalyzeDomain (149ms)
			TypeCache.Refresh (122ms)
				TypeCache.ScanAssembly (102ms)
			ScanForSourceGeneratedMonoScriptInfo (22ms)
			ResolveRequiredComponents (4ms)
	FinalizeReload (898ms)
		ReleaseScriptCaches (0ms)
		RebuildScriptCaches (0ms)
		SetupLoadedEditorAssemblies (735ms)
			LogAssemblyErrors (0ms)
			InitializePlatformSupportModulesInManaged (17ms)
			SetLoadedEditorAssemblies (6ms)
			RefreshPlugins (0ms)
			BeforeProcessingInitializeOnLoad (116ms)
			ProcessInitializeOnLoadAttributes (407ms)
			ProcessInitializeOnLoadMethodAttributes (185ms)
			AfterProcessingInitializeOnLoad (3ms)
			EditorAssembliesLoaded (0ms)
		ExecutionOrderSort2 (0ms)
		AwakeInstancesAfterBackupRestoration (7ms)
WARNING: Shader Unsupported: 'Toon/Lit Outline' - All subshaders removed
WARNING: Shader Did you use #pragma only_renderers and omit this platform?
WARNING: Shader If subshaders removal was intentional, you may have forgotten turning Fallback off?
WARNING: Shader Unsupported: 'Toon/Lit Outline' - All subshaders removed
WARNING: Shader Did you use #pragma only_renderers and omit this platform?
WARNING: Shader If subshaders removal was intentional, you may have forgotten turning Fallback off?
WARNING: Shader Unsupported: 'Toon/Basic Outline' - All subshaders removed
WARNING: Shader Did you use #pragma only_renderers and omit this platform?
WARNING: Shader If subshaders removal was intentional, you may have forgotten turning Fallback off?
WARNING: Shader Unsupported: 'Toon/Basic Outline' - All subshaders removed
WARNING: Shader Did you use #pragma only_renderers and omit this platform?
WARNING: Shader If subshaders removal was intentional, you may have forgotten turning Fallback off?
Launched and connected shader compiler UnityShaderCompiler.exe after 0.06 seconds
Refreshing native plugins compatible for Editor in 8.61 ms, found 2 plugins.
Preloading 0 native plugins for Editor in 0.00 ms.
Unloading 2604 Unused Serialized files (Serialized files now loaded: 0)
Unloading 24 unused Assets / (383.3 KB). Loaded Objects now: 3078.
Memory consumption went from 112.4 MB to 112.0 MB.
Total: 11.435200 ms (FindLiveObjects: 0.498200 ms CreateObjectMapping: 0.171900 ms MarkObjects: 10.434500 ms  DeleteObjects: 0.328900 ms)

AssetImportParameters requested are different than current active one (requested -> active):
  custom:video-decoder-webm-vp8: 9c59270c3fd7afecdb556c50c9e8de78 -> 
  custom:SearchIndexIgnoredProperties: e643bd26f0fe6173181afceb89e7c659 -> 
  custom:container-demuxer-ogg: 62fdf1f143b41e24485cea50d1cbac27 -> 
  custom:AudioImporter_EditorPlatform: d09bf68614088b80899f8185d706f6e7 -> 
  custom:video-decoder-ogg-theora: a1e56fd34408186e4bbccfd4996cb3dc -> 
  custom:framework-win-MediaFoundation: 216162199b28c13a410421893ffa2e32 -> 
  custom:video-encoder-webm-vp8: eb34c28f22e8b96e1ab97ce403110664 -> 
  custom:audio-decoder-ogg-vorbis: bf7c407c2cedff20999df2af8eb42d56 -> 
  custom:CustomObjectIndexerAttribute: 9a22284fe3817be447336de3de66b15e -> 
  custom:container-demuxer-webm: 4f35f7cbe854078d1ac9338744f61a02 -> 
  custom:audio-encoder-webm-vorbis: bf7c407c2cedff20999df2af8eb42d56 -> 
  custom:container-muxer-webm: aa71ff27fc2769a1b78a27578f13a17b -> 
========================================================================
Received Import Request.
  Time since last request: 34060.152282 seconds.
  path: Assets/Art/Puzzle/PuzzleSymbol1.png
  artifactKey: Guid(004936ee2d1e21a40be83e467ceae333) Importer(2089858483,0ecaa5967403d082aa24f35e1b516d23)
Start importing Assets/Art/Puzzle/PuzzleSymbol1.png using Guid(004936ee2d1e21a40be83e467ceae333) Importer(2089858483,0ecaa5967403d082aa24f35e1b516d23) [PhysX] Initialized MultithreadedTaskDispatcher with 12 workers.
 -> (artifact id: 'bd1d07ba969f76dd8457918160bf8a38') in 0.168045 seconds
Number of updated asset objects reloaded before import = 0
Number of asset objects unloaded after import = 3
========================================================================
Received Import Request.
  Time since last request: 0.000024 seconds.
  path: Assets/Art/Tiles/HopWireOn1.png
  artifactKey: Guid(43ef48fb0da901549bd68bba26d8b24f) Importer(2089858483,0ecaa5967403d082aa24f35e1b516d23)
Start importing Assets/Art/Tiles/HopWireOn1.png using Guid(43ef48fb0da901549bd68bba26d8b24f) Importer(2089858483,0ecaa5967403d082aa24f35e1b516d23) [PhysX] Initialized MultithreadedTaskDispatcher with 12 workers.
 -> (artifact id: 'd10654f4f4502eff98d3a2fce65f1448') in 0.025029 seconds
Number of updated asset objects reloaded before import = 0
Number of asset objects unloaded after import = 3
========================================================================
Received Import Request.
  Time since last request: 0.000019 seconds.
  path: Assets/Art/Fonts/PIXEAB__.TTF
  artifactKey: Guid(475ba51de126c834086c2eb1f92fe967) Importer(2089858483,0ecaa5967403d082aa24f35e1b516d23)
Start importing Assets/Art/Fonts/PIXEAB__.TTF using Guid(475ba51de126c834086c2eb1f92fe967) Importer(2089858483,0ecaa5967403d082aa24f35e1b516d23) [PhysX] Initialized MultithreadedTaskDispatcher with 12 workers.
 -> (artifact id: '9ae70a9a0e8ddbbc53a4ca99fe1de0de') in 0.026605 seconds
Number of updated asset objects reloaded before import = 0
Number of asset objects unloaded after import = 3
========================================================================
Received Import Request.
  Time since last request: 0.000016 seconds.
  path: Assets/Audio/MainMixer.mixer
  artifactKey: Guid(f1402e2d14e76ab47b9499fbca9af5dc) Importer(2089858483,0ecaa5967403d082aa24f35e1b516d23)
Start importing Assets/Audio/MainMixer.mixer using Guid(f1402e2d14e76ab47b9499fbca9af5dc) Importer(2089858483,0ecaa5967403d082aa24f35e1b516d23) [PhysX] Initialized MultithreadedTaskDispatcher with 12 workers.
Refreshing native plugins compatible for Editor in 6.27 ms, found 2 plugins.
Preloading 0 native plugins for Editor in 0.00 ms.
 -> (artifact id: 'bd71284ab69a2219e741815dd64b71e9') in 0.032085 seconds
Number of updated asset objects reloaded before import = 0
Number of asset objects unloaded after import = 9
========================================================================
Received Import Request.
  Time since last request: 0.000016 seconds.
  path: Assets/Art/Tiles/RandomizerOn22.png
  artifactKey: Guid(b55bf28051c02ce4e8c5b9e4e1fccbb9) Importer(2089858483,0ecaa5967403d082aa24f35e1b516d23)
Start importing Assets/Art/Tiles/RandomizerOn22.png using Guid(b55bf28051c02ce4e8c5b9e4e1fccbb9) Importer(2089858483,0ecaa5967403d082aa24f35e1b516d23) [PhysX] Initialized MultithreadedTaskDispatcher with 12 workers.
 -> (artifact id: '3cacc44b741eb73a7456d2947271ec47') in 0.024356 seconds
Number of updated asset objects reloaded before import = 0
Number of asset objects unloaded after import = 3
========================================================================
Received Import Request.
  Time since last request: 0.000016 seconds.
  path: Assets/Art/Tiles/LCD5on1.png
  artifactKey: Guid(11a11d5fe9316114f96e5f6ea453c303) Importer(2089858483,0ecaa5967403d082aa24f35e1b516d23)
Start importing Assets/Art/Tiles/LCD5on1.png using Guid(11a11d5fe9316114f96e5f6ea453c303) Importer(2089858483,0ecaa5967403d082aa24f35e1b516d23) [PhysX] Initialized MultithreadedTaskDispatcher with 12 workers.
 -> (artifact id: 'a1962be8eea0a9559a039dc56961a5dd') in 0.026441 seconds
Number of updated asset objects reloaded before import = 0
Number of asset objects unloaded after import = 3
========================================================================
Received Import Request.
  Time since last request: 0.000020 seconds.
  path: Assets/Art/UI/KeyboardControls1.png
  artifactKey: Guid(72f6bdc91eca2d143ac86b6d8250ecc3) Importer(2089858483,0ecaa5967403d082aa24f35e1b516d23)
Start importing Assets/Art/UI/KeyboardControls1.png using Guid(72f6bdc91eca2d143ac86b6d8250ecc3) Importer(2089858483,0ecaa5967403d082aa24f35e1b516d23) [PhysX] Initialized MultithreadedTaskDispatcher with 12 workers.
 -> (artifact id: 'a33e1eba3145eca48cc44b2c26df1df6') in 0.026034 seconds
Number of updated asset objects reloaded before import = 0
Number of asset objects unloaded after import = 3
========================================================================
Received Import Request.
  Time since last request: 0.000017 seconds.
  path: Assets/Art/Puzzle/Out1.png
  artifactKey: Guid(b7a53534c6a56a34bae046ec85891c28) Importer(2089858483,0ecaa5967403d082aa24f35e1b516d23)
Start importing Assets/Art/Puzzle/Out1.png using Guid(b7a53534c6a56a34bae046ec85891c28) Importer(2089858483,0ecaa5967403d082aa24f35e1b516d23) [PhysX] Initialized MultithreadedTaskDispatcher with 12 workers.
 -> (artifact id: '700233f9c54122faabceab00772b8d72') in 0.024348 seconds
Number of updated asset objects reloaded before import = 0
Number of asset objects unloaded after import = 3
========================================================================
Received Import Request.
  Time since last request: 0.000019 seconds.
  path: Assets/Art/Tiles/Delayer_v2-0-on.png
  artifactKey: Guid(a11eccb1df2930442ae41a129984ea5c) Importer(2089858483,0ecaa5967403d082aa24f35e1b516d23)
Start importing Assets/Art/Tiles/Delayer_v2-0-on.png using Guid(a11eccb1df2930442ae41a129984ea5c) Importer(2089858483,0ecaa5967403d082aa24f35e1b516d23) [PhysX] Initialized MultithreadedTaskDispatcher with 12 workers.
 -> (artifact id: '0dabec3efd9ff217193fe9d17f3ec55e') in 0.024693 seconds
Number of updated asset objects reloaded before import = 0
Number of asset objects unloaded after import = 3
========================================================================
Received Import Request.
  Time since last request: 0.000022 seconds.
  path: Assets/Art/Black.png
  artifactKey: Guid(6aaecfc72b0de144ea634f138d32a11b) Importer(2089858483,0ecaa5967403d082aa24f35e1b516d23)
Start importing Assets/Art/Black.png using Guid(6aaecfc72b0de144ea634f138d32a11b) Importer(2089858483,0ecaa5967403d082aa24f35e1b516d23) [PhysX] Initialized MultithreadedTaskDispatcher with 12 workers.
 -> (artifact id: '8999fce604e2b3ac0739ec376a106888') in 0.025008 seconds
Number of updated asset objects reloaded before import = 0
Number of asset objects unloaded after import = 3
========================================================================
Received Import Request.
  Time since last request: 0.000024 seconds.
  path: Assets/Art/Tiles/Delayer_v2-3.png
  artifactKey: Guid(b2532ce77d3c3dd43b6b1522b2b06325) Importer(2089858483,0ecaa5967403d082aa24f35e1b516d23)
Start importing Assets/Art/Tiles/Delayer_v2-3.png using Guid(b2532ce77d3c3dd43b6b1522b2b06325) Importer(2089858483,0ecaa5967403d082aa24f35e1b516d23) [PhysX] Initialized MultithreadedTaskDispatcher with 12 workers.
 -> (artifact id: 'a8696cfd3a2604b2d91edb63a949c630') in 0.030256 seconds
Number of updated asset objects reloaded before import = 0
Number of asset objects unloaded after import = 3
========================================================================
Received Import Request.
  Time since last request: 0.000019 seconds.
  path: Assets/Art/Tiles/Wire3.png
  artifactKey: Guid(2a08ad4b42d022340b7f3a0dfd267302) Importer(2089858483,0ecaa5967403d082aa24f35e1b516d23)
Start importing Assets/Art/Tiles/Wire3.png using Guid(2a08ad4b42d022340b7f3a0dfd267302) Importer(2089858483,0ecaa5967403d082aa24f35e1b516d23) [PhysX] Initialized MultithreadedTaskDispatcher with 12 workers.
 -> (artifact id: '0451a4227ccfd2a45fb7905599669132') in 0.024403 seconds
Number of updated asset objects reloaded before import = 0
Number of asset objects unloaded after import = 3
========================================================================
Received Import Request.
  Time since last request: 0.000023 seconds.
  path: Assets/Art/Tiles/Delayer_v2-3-on.png
  artifactKey: Guid(e002e3ce42856904590487677c2556c3) Importer(2089858483,0ecaa5967403d082aa24f35e1b516d23)
Start importing Assets/Art/Tiles/Delayer_v2-3-on.png using Guid(e002e3ce42856904590487677c2556c3) Importer(2089858483,0ecaa5967403d082aa24f35e1b516d23) [PhysX] Initialized MultithreadedTaskDispatcher with 12 workers.
 -> (artifact id: 'bc39c0b91cad0e1388e9b37dc99637b0') in 0.024622 seconds
Number of updated asset objects reloaded before import = 0
Number of asset objects unloaded after import = 3
========================================================================
Received Import Request.
  Time since last request: 0.000020 seconds.
  path: Assets/Audio/Soundtrack/Boolean_Code(menu).wav
  artifactKey: Guid(ca884368a19efb448ba14b0fbe4e2c20) Importer(2089858483,0ecaa5967403d082aa24f35e1b516d23)
Start importing Assets/Audio/Soundtrack/Boolean_Code(menu).wav using Guid(ca884368a19efb448ba14b0fbe4e2c20) Importer(2089858483,0ecaa5967403d082aa24f35e1b516d23) [PhysX] Initialized MultithreadedTaskDispatcher with 12 workers.
 -> (artifact id: '96250f7a0742dcbc2060a8f6303398a4') in 0.274360 seconds
Number of updated asset objects reloaded before import = 0
Number of asset objects unloaded after import = 1
========================================================================
Received Import Request.
  Time since last request: 0.000018 seconds.
  path: Assets/Scripts/Components/ComponentSave.cs
  artifactKey: Guid(0dc04521ba7078144a91549df2ee02d6) Importer(2089858483,0ecaa5967403d082aa24f35e1b516d23)
Start importing Assets/Scripts/Components/ComponentSave.cs using Guid(0dc04521ba7078144a91549df2ee02d6) Importer(2089858483,0ecaa5967403d082aa24f35e1b516d23) [PhysX] Initialized MultithreadedTaskDispatcher with 12 workers.
 -> (artifact id: '7fe014580d9d151bae65c71a2db5751d') in 0.007826 seconds
Number of updated asset objects reloaded before import = 0
Number of asset objects unloaded after import = 1
========================================================================
Received Import Request.
  Time since last request: 0.000025 seconds.
  path: Assets/Prefab/Tiles/Wire1Prefab.prefab
  artifactKey: Guid(46500da5c98cf744491dccbc0d9548af) Importer(2089858483,0ecaa5967403d082aa24f35e1b516d23)
Start importing Assets/Prefab/Tiles/Wire1Prefab.prefab using Guid(46500da5c98cf744491dccbc0d9548af) Importer(2089858483,0ecaa5967403d082aa24f35e1b516d23) [PhysX] Initialized MultithreadedTaskDispatcher with 12 workers.
 -> (artifact id: '76aebacb1f03800870e212621cb4a3e8') in 0.075935 seconds
Number of updated asset objects reloaded before import = 0
Number of asset objects unloaded after import = 11
========================================================================
Received Import Request.
  Time since last request: 0.000017 seconds.
  path: Assets/Prefab/Tiles/POutputPrefab.prefab
  artifactKey: Guid(9315354b3dd8eb24ea2fcd870c09e8d0) Importer(2089858483,0ecaa5967403d082aa24f35e1b516d23)
Start importing Assets/Prefab/Tiles/POutputPrefab.prefab using Guid(9315354b3dd8eb24ea2fcd870c09e8d0) Importer(2089858483,0ecaa5967403d082aa24f35e1b516d23) [PhysX] Initialized MultithreadedTaskDispatcher with 12 workers.
 -> (artifact id: '3654239469051ef2d74aeeef79d77eaf') in 0.038803 seconds
Number of updated asset objects reloaded before import = 0
Number of asset objects unloaded after import = 16
========================================================================
Received Import Request.
  Time since last request: 0.000015 seconds.
  path: Assets/Art/UI/ControlsButton_hover.png
  artifactKey: Guid(a4681ad62e149504cbb0c11487bc2851) Importer(2089858483,0ecaa5967403d082aa24f35e1b516d23)
Start importing Assets/Art/UI/ControlsButton_hover.png using Guid(a4681ad62e149504cbb0c11487bc2851) Importer(2089858483,0ecaa5967403d082aa24f35e1b516d23) [PhysX] Initialized MultithreadedTaskDispatcher with 12 workers.
 -> (artifact id: '35aec250d535da7048f5b7cb1c2b398d') in 0.025954 seconds
Number of updated asset objects reloaded before import = 0
Number of asset objects unloaded after import = 3
========================================================================
Received Import Request.
  Time since last request: 0.000014 seconds.
  path: Assets/Prefab/Tiles/PInputPrefab.prefab
  artifactKey: Guid(73f69453b638452469604fda4c3385a0) Importer(2089858483,0ecaa5967403d082aa24f35e1b516d23)
Start importing Assets/Prefab/Tiles/PInputPrefab.prefab using Guid(73f69453b638452469604fda4c3385a0) Importer(2089858483,0ecaa5967403d082aa24f35e1b516d23) [PhysX] Initialized MultithreadedTaskDispatcher with 12 workers.
 -> (artifact id: '879e2d3f19b200f8a7b531951d866053') in 0.034797 seconds
Number of updated asset objects reloaded before import = 0
Number of asset objects unloaded after import = 15
========================================================================
Received Import Request.
  Time since last request: 0.000020 seconds.
  path: Assets/Art/UI/ControlsButton.png
  artifactKey: Guid(0423c134a4194b444ad867a8ecdc9039) Importer(2089858483,0ecaa5967403d082aa24f35e1b516d23)
Start importing Assets/Art/UI/ControlsButton.png using Guid(0423c134a4194b444ad867a8ecdc9039) Importer(2089858483,0ecaa5967403d082aa24f35e1b516d23) [PhysX] Initialized MultithreadedTaskDispatcher with 12 workers.
 -> (artifact id: 'ffbffae415b872ff50be73ac21260596') in 0.028987 seconds
Number of updated asset objects reloaded before import = 0
Number of asset objects unloaded after import = 3
========================================================================
Received Import Request.
  Time since last request: 0.000019 seconds.
  path: Assets/Art/Tiles/LCD2_on1.png
  artifactKey: Guid(e9567786a66c3454e96cc081c63992ca) Importer(2089858483,0ecaa5967403d082aa24f35e1b516d23)
Start importing Assets/Art/Tiles/LCD2_on1.png using Guid(e9567786a66c3454e96cc081c63992ca) Importer(2089858483,0ecaa5967403d082aa24f35e1b516d23) [PhysX] Initialized MultithreadedTaskDispatcher with 12 workers.
 -> (artifact id: '8c37251bb6ec5806f57ec6cac6e83dbc') in 0.023769 seconds
Number of updated asset objects reloaded before import = 0
Number of asset objects unloaded after import = 3
========================================================================
Received Import Request.
  Time since last request: 0.000023 seconds.
  path: Assets/Art/Tiles/Switch1.png
  artifactKey: Guid(23872578b87294946925de43e38a2266) Importer(2089858483,0ecaa5967403d082aa24f35e1b516d23)
Start importing Assets/Art/Tiles/Switch1.png using Guid(23872578b87294946925de43e38a2266) Importer(2089858483,0ecaa5967403d082aa24f35e1b516d23) [PhysX] Initialized MultithreadedTaskDispatcher with 12 workers.
 -> (artifact id: 'de1365e02cee1849af0c2b6c6aedc7a8') in 0.023523 seconds
Number of updated asset objects reloaded before import = 0
Number of asset objects unloaded after import = 3
========================================================================
Received Import Request.
  Time since last request: 0.000019 seconds.
  path: Assets/Scripts/Undo/UndoController.cs
  artifactKey: Guid(866eb53eebabce0499009557366fb0bd) Importer(2089858483,0ecaa5967403d082aa24f35e1b516d23)
Start importing Assets/Scripts/Undo/UndoController.cs using Guid(866eb53eebabce0499009557366fb0bd) Importer(2089858483,0ecaa5967403d082aa24f35e1b516d23) [PhysX] Initialized MultithreadedTaskDispatcher with 12 workers.
 -> (artifact id: 'fe612b195983e274687bad003e9199d6') in 0.007423 seconds
Number of updated asset objects reloaded before import = 0
Number of asset objects unloaded after import = 1
========================================================================
Received Import Request.
  Time since last request: 0.000077 seconds.
  path: Assets/Scripts/UI/HoverNameScript.cs
  artifactKey: Guid(de9fb917472f1394ca4800695db475b5) Importer(2089858483,0ecaa5967403d082aa24f35e1b516d23)
Start importing Assets/Scripts/UI/HoverNameScript.cs using Guid(de9fb917472f1394ca4800695db475b5) Importer(2089858483,0ecaa5967403d082aa24f35e1b516d23) [PhysX] Initialized MultithreadedTaskDispatcher with 12 workers.
 -> (artifact id: 'aad5907a4cf80c58d5ac7fdbb52f75f4') in 0.007118 seconds
Number of updated asset objects reloaded before import = 0
Number of asset objects unloaded after import = 1
========================================================================
Received Import Request.
  Time since last request: 0.000017 seconds.
  path: Assets/Scripts/Tiles/OutputBasedTile.cs
  artifactKey: Guid(615e3055f2eb96f45a8be7e0af0fba26) Importer(2089858483,0ecaa5967403d082aa24f35e1b516d23)
Start importing Assets/Scripts/Tiles/OutputBasedTile.cs using Guid(615e3055f2eb96f45a8be7e0af0fba26) Importer(2089858483,0ecaa5967403d082aa24f35e1b516d23) [PhysX] Initialized MultithreadedTaskDispatcher with 12 workers.
 -> (artifact id: '7382ab8f477f83437929b72731dd716f') in 0.007759 seconds
Number of updated asset objects reloaded before import = 0
Number of asset objects unloaded after import = 1
========================================================================
Received Import Request.
  Time since last request: 0.000015 seconds.
  path: Assets/StreamingAssets/Puzzles/puzzle0-1.json
  artifactKey: Guid(99809f1d39919014894621edcbb21410) Importer(2089858483,0ecaa5967403d082aa24f35e1b516d23)
Start importing Assets/StreamingAssets/Puzzles/puzzle0-1.json using Guid(99809f1d39919014894621edcbb21410) Importer(2089858483,0ecaa5967403d082aa24f35e1b516d23) [PhysX] Initialized MultithreadedTaskDispatcher with 12 workers.
 -> (artifact id: 'f64f6ecb802e06a845ca333a3a7e6df7') in 0.005317 seconds
Number of updated asset objects reloaded before import = 0
Number of asset objects unloaded after import = 1
========================================================================
Received Import Request.
  Time since last request: 0.000041 seconds.
  path: Assets/Scripts/Puzzle/EOTP_PuzzleCreator.cs
  artifactKey: Guid(c2dd1f4981007624bba4f082225db180) Importer(2089858483,0ecaa5967403d082aa24f35e1b516d23)
Start importing Assets/Scripts/Puzzle/EOTP_PuzzleCreator.cs using Guid(c2dd1f4981007624bba4f082225db180) Importer(2089858483,0ecaa5967403d082aa24f35e1b516d23) [PhysX] Initialized MultithreadedTaskDispatcher with 12 workers.
 -> (artifact id: '8713e266e9c3b9a331f53f826c6b7a0e') in 0.007676 seconds
Number of updated asset objects reloaded before import = 0
Number of asset objects unloaded after import = 1
========================================================================
Received Import Request.
  Time since last request: 0.000015 seconds.
  path: Assets/StreamingAssets/Puzzles/puzzle1-2.json
  artifactKey: Guid(d50972d226dbffe4a9d5795261e98bfd) Importer(2089858483,0ecaa5967403d082aa24f35e1b516d23)
Start importing Assets/StreamingAssets/Puzzles/puzzle1-2.json using Guid(d50972d226dbffe4a9d5795261e98bfd) Importer(2089858483,0ecaa5967403d082aa24f35e1b516d23) [PhysX] Initialized MultithreadedTaskDispatcher with 12 workers.
 -> (artifact id: 'fd5c133196a3968983b2697af1257c20') in 0.006275 seconds
Number of updated asset objects reloaded before import = 0
Number of asset objects unloaded after import = 1
========================================================================
Received Import Request.
  Time since last request: 0.000018 seconds.
  path: Assets/Scripts/Tiles/FloorTileController.cs
  artifactKey: Guid(5188517066639804489bb3d10e6c0b8a) Importer(2089858483,0ecaa5967403d082aa24f35e1b516d23)
Start importing Assets/Scripts/Tiles/FloorTileController.cs using Guid(5188517066639804489bb3d10e6c0b8a) Importer(2089858483,0ecaa5967403d082aa24f35e1b516d23) [PhysX] Initialized MultithreadedTaskDispatcher with 12 workers.
 -> (artifact id: '56e1e4be073bcd0a78ffb714639a8ad2') in 0.007458 seconds
Number of updated asset objects reloaded before import = 0
Number of asset objects unloaded after import = 1
========================================================================
Received Import Request.
  Time since last request: 0.000018 seconds.
  path: Assets/Scripts/Tiles/TileController.cs
  artifactKey: Guid(a8f25a98a80c4dd47ad96788dd7058d1) Importer(2089858483,0ecaa5967403d082aa24f35e1b516d23)
Start importing Assets/Scripts/Tiles/TileController.cs using Guid(a8f25a98a80c4dd47ad96788dd7058d1) Importer(2089858483,0ecaa5967403d082aa24f35e1b516d23) [PhysX] Initialized MultithreadedTaskDispatcher with 12 workers.
 -> (artifact id: 'ace9e206e6d1c7ef0606673c94f31629') in 0.007434 seconds
Number of updated asset objects reloaded before import = 0
Number of asset objects unloaded after import = 1
========================================================================
Received Import Request.
  Time since last request: 0.000018 seconds.
  path: Assets/Scripts/UI/ExpandButton.cs
  artifactKey: Guid(ea59ebdac8b6bb04abfa0235e22e8ede) Importer(2089858483,0ecaa5967403d082aa24f35e1b516d23)
Start importing Assets/Scripts/UI/ExpandButton.cs using Guid(ea59ebdac8b6bb04abfa0235e22e8ede) Importer(2089858483,0ecaa5967403d082aa24f35e1b516d23) [PhysX] Initialized MultithreadedTaskDispatcher with 12 workers.
 -> (artifact id: '82052067e26830e082ec4928e317615f') in 0.007504 seconds
Number of updated asset objects reloaded before import = 0
Number of asset objects unloaded after import = 1
========================================================================
Received Import Request.
  Time since last request: 0.000016 seconds.
  path: Assets/Scripts/Components/OverlayTile.cs
  artifactKey: Guid(18c77b867fdf1464c911c35faeb9b43b) Importer(2089858483,0ecaa5967403d082aa24f35e1b516d23)
Start importing Assets/Scripts/Components/OverlayTile.cs using Guid(18c77b867fdf1464c911c35faeb9b43b) Importer(2089858483,0ecaa5967403d082aa24f35e1b516d23) [PhysX] Initialized MultithreadedTaskDispatcher with 12 workers.
 -> (artifact id: 'f126e8927b9e1aba9c2f813eb29b6e4a') in 0.007104 seconds
Number of updated asset objects reloaded before import = 0
Number of asset objects unloaded after import = 1
========================================================================
Received Import Request.
  Time since last request: 0.000016 seconds.
  path: Assets/StreamingAssets/Puzzles/puzzle1-1.json
  artifactKey: Guid(a6f7429f77802104c8eca88e5efbad12) Importer(2089858483,0ecaa5967403d082aa24f35e1b516d23)
Start importing Assets/StreamingAssets/Puzzles/puzzle1-1.json using Guid(a6f7429f77802104c8eca88e5efbad12) Importer(2089858483,0ecaa5967403d082aa24f35e1b516d23) [PhysX] Initialized MultithreadedTaskDispatcher with 12 workers.
 -> (artifact id: 'bec5cea135691bf5307c94d2667a7cfb') in 0.005398 seconds
Number of updated asset objects reloaded before import = 0
Number of asset objects unloaded after import = 1
========================================================================
Received Import Request.
  Time since last request: 0.000020 seconds.
  path: Assets/StreamingAssets/Puzzles/puzzle1-4.json
  artifactKey: Guid(0a993dc59dc102d4aa4a15424bbd9fe7) Importer(2089858483,0ecaa5967403d082aa24f35e1b516d23)
Start importing Assets/StreamingAssets/Puzzles/puzzle1-4.json using Guid(0a993dc59dc102d4aa4a15424bbd9fe7) Importer(2089858483,0ecaa5967403d082aa24f35e1b516d23) [PhysX] Initialized MultithreadedTaskDispatcher with 12 workers.
 -> (artifact id: '63d99a3f9213593105b80d999465f5b1') in 0.006196 seconds
Number of updated asset objects reloaded before import = 0
Number of asset objects unloaded after import = 1
========================================================================
Received Import Request.
  Time since last request: 0.000014 seconds.
  path: Assets/Resources/BillingMode.json
  artifactKey: Guid(3c6fd9ec9b75a834a8d47105068b7e02) Importer(2089858483,0ecaa5967403d082aa24f35e1b516d23)
Start importing Assets/Resources/BillingMode.json using Guid(3c6fd9ec9b75a834a8d47105068b7e02) Importer(2089858483,0ecaa5967403d082aa24f35e1b516d23) [PhysX] Initialized MultithreadedTaskDispatcher with 12 workers.
 -> (artifact id: '74e56b5f9fc0bb4abe400d6b8b847704') in 0.007115 seconds
Number of updated asset objects reloaded before import = 0
Number of asset objects unloaded after import = 1
========================================================================
Received Import Request.
  Time since last request: 0.000022 seconds.
  path: Assets/Scripts/Puzzle/PuzzleObjective.cs
  artifactKey: Guid(42bd025da9b11fc4f8e65ce952c3f455) Importer(2089858483,0ecaa5967403d082aa24f35e1b516d23)
Start importing Assets/Scripts/Puzzle/PuzzleObjective.cs using Guid(42bd025da9b11fc4f8e65ce952c3f455) Importer(2089858483,0ecaa5967403d082aa24f35e1b516d23) [PhysX] Initialized MultithreadedTaskDispatcher with 12 workers.
 -> (artifact id: '44b33d9466dafe94d9eb3545c28f8040') in 0.007435 seconds
Number of updated asset objects reloaded before import = 0
Number of asset objects unloaded after import = 1
========================================================================
Received Import Request.
  Time since last request: 0.000017 seconds.
  path: Assets/Art/Tiles/HopWireOn2.png
  artifactKey: Guid(b6e9511c8147b694d9bd7c20422c6038) Importer(2089858483,0ecaa5967403d082aa24f35e1b516d23)
Start importing Assets/Art/Tiles/HopWireOn2.png using Guid(b6e9511c8147b694d9bd7c20422c6038) Importer(2089858483,0ecaa5967403d082aa24f35e1b516d23) [PhysX] Initialized MultithreadedTaskDispatcher with 12 workers.
 -> (artifact id: '00cc4a0b1278ef92c06021ad51793607') in 0.023958 seconds
Number of updated asset objects reloaded before import = 0
Number of asset objects unloaded after import = 3
========================================================================
Received Import Request.
  Time since last request: 0.000016 seconds.
  path: Assets/Prefab/Tiles/NotGatePrefab.prefab
  artifactKey: Guid(a343d33232297f94d9a4941bc068828b) Importer(2089858483,0ecaa5967403d082aa24f35e1b516d23)
Start importing Assets/Prefab/Tiles/NotGatePrefab.prefab using Guid(a343d33232297f94d9a4941bc068828b) Importer(2089858483,0ecaa5967403d082aa24f35e1b516d23) [PhysX] Initialized MultithreadedTaskDispatcher with 12 workers.
 -> (artifact id: '4143d415210953631632786fa035f253') in 0.033979 seconds
Number of updated asset objects reloaded before import = 0
Number of asset objects unloaded after import = 11
========================================================================
Received Import Request.
  Time since last request: 0.000017 seconds.
  path: Assets/Art/Tiles/Delayer_v2-2.png
  artifactKey: Guid(6e7c1934e60037c4b8fb427b2cfb0db8) Importer(2089858483,0ecaa5967403d082aa24f35e1b516d23)
Start importing Assets/Art/Tiles/Delayer_v2-2.png using Guid(6e7c1934e60037c4b8fb427b2cfb0db8) Importer(2089858483,0ecaa5967403d082aa24f35e1b516d23) [PhysX] Initialized MultithreadedTaskDispatcher with 12 workers.
 -> (artifact id: 'd8414680718e41e37a99b6d4b43385e3') in 0.022713 seconds
Number of updated asset objects reloaded before import = 0
Number of asset objects unloaded after import = 3
========================================================================
Received Import Request.
  Time since last request: 0.000018 seconds.
  path: Assets/Scripts/UI/MoverController.cs
  artifactKey: Guid(a8a4bb24bb311b0468c742640becd2ce) Importer(2089858483,0ecaa5967403d082aa24f35e1b516d23)
Start importing Assets/Scripts/UI/MoverController.cs using Guid(a8a4bb24bb311b0468c742640becd2ce) Importer(2089858483,0ecaa5967403d082aa24f35e1b516d23) [PhysX] Initialized MultithreadedTaskDispatcher with 12 workers.
 -> (artifact id: '354b3f22f61980391960ba8a6cbd5bfc') in 0.007022 seconds
Number of updated asset objects reloaded before import = 0
Number of asset objects unloaded after import = 1
========================================================================
Received Import Request.
  Time since last request: 0.000029 seconds.
  path: Assets/Art/Tiles/Delayer_v2-1-on.png
  artifactKey: Guid(b3de0c012400cc94bbbee528d56e46e6) Importer(2089858483,0ecaa5967403d082aa24f35e1b516d23)
Start importing Assets/Art/Tiles/Delayer_v2-1-on.png using Guid(b3de0c012400cc94bbbee528d56e46e6) Importer(2089858483,0ecaa5967403d082aa24f35e1b516d23) [PhysX] Initialized MultithreadedTaskDispatcher with 12 workers.
 -> (artifact id: 'df9a9b3e53994e993fb11b6b75c6ae16') in 0.024144 seconds
Number of updated asset objects reloaded before import = 0
Number of asset objects unloaded after import = 3
========================================================================
Received Import Request.
  Time since last request: 0.000015 seconds.
  path: Assets/Art/Tiles/ButtonOn.png
  artifactKey: Guid(a57992b6514ffb24bb7a0ba3b86b485c) Importer(2089858483,0ecaa5967403d082aa24f35e1b516d23)
Start importing Assets/Art/Tiles/ButtonOn.png using Guid(a57992b6514ffb24bb7a0ba3b86b485c) Importer(2089858483,0ecaa5967403d082aa24f35e1b516d23) [PhysX] Initialized MultithreadedTaskDispatcher with 12 workers.
 -> (artifact id: 'edf6add6b975af94fcc6e8ba390f3aeb') in 0.021985 seconds
Number of updated asset objects reloaded before import = 0
Number of asset objects unloaded after import = 3
========================================================================
Received Import Request.
  Time since last request: 0.000015 seconds.
  path: Assets/Menu.unity
  artifactKey: Guid(7559e2be66168a64291011a6ee4ef501) Importer(2089858483,0ecaa5967403d082aa24f35e1b516d23)
Start importing Assets/Menu.unity using Guid(7559e2be66168a64291011a6ee4ef501) Importer(2089858483,0ecaa5967403d082aa24f35e1b516d23) [PhysX] Initialized MultithreadedTaskDispatcher with 12 workers.
 -> (artifact id: 'b4eaba74cc6424dc761c4c370d26fe82') in 0.004786 seconds
Number of updated asset objects reloaded before import = 0
Number of asset objects unloaded after import = 1
========================================================================
Received Import Request.
  Time since last request: 0.000020 seconds.
  path: Assets/Art/Tiles/Wire.png
  artifactKey: Guid(6d1861cc4fb9be64c9cd254327a9cbbf) Importer(2089858483,0ecaa5967403d082aa24f35e1b516d23)
Start importing Assets/Art/Tiles/Wire.png using Guid(6d1861cc4fb9be64c9cd254327a9cbbf) Importer(2089858483,0ecaa5967403d082aa24f35e1b516d23) [PhysX] Initialized MultithreadedTaskDispatcher with 12 workers.
 -> (artifact id: '3b85d042b2b9d29ff8eff577152b6b2a') in 0.024733 seconds
Number of updated asset objects reloaded before import = 0
Number of asset objects unloaded after import = 3
========================================================================
Received Import Request.
  Time since last request: 0.000017 seconds.
  path: Assets/Art/Logo.png
  artifactKey: Guid(aae429f32195b824c99071f3a0823ede) Importer(2089858483,0ecaa5967403d082aa24f35e1b516d23)
Start importing Assets/Art/Logo.png using Guid(aae429f32195b824c99071f3a0823ede) Importer(2089858483,0ecaa5967403d082aa24f35e1b516d23) [PhysX] Initialized MultithreadedTaskDispatcher with 12 workers.
 -> (artifact id: '163af596c250a2950ab92fed38918fbc') in 0.024054 seconds
Number of updated asset objects reloaded before import = 0
Number of asset objects unloaded after import = 3
========================================================================
Received Import Request.
  Time since last request: 0.000015 seconds.
  path: Assets/Art/Tiles/Wire4_on.png
  artifactKey: Guid(046cb744b824de04c8a44ffa9bd5cfa1) Importer(2089858483,0ecaa5967403d082aa24f35e1b516d23)
Start importing Assets/Art/Tiles/Wire4_on.png using Guid(046cb744b824de04c8a44ffa9bd5cfa1) Importer(2089858483,0ecaa5967403d082aa24f35e1b516d23) [PhysX] Initialized MultithreadedTaskDispatcher with 12 workers.
 -> (artifact id: '846ad9f2168bc7ff5dc4c1956745bc4f') in 0.026503 seconds
Number of updated asset objects reloaded before import = 0
Number of asset objects unloaded after import = 3
========================================================================
Received Import Request.
  Time since last request: 0.000017 seconds.
  path: Assets/Art/Materials/Glow 2.mat
  artifactKey: Guid(536c777f0563adb4abdc8688f95d1f9b) Importer(2089858483,0ecaa5967403d082aa24f35e1b516d23)
Start importing Assets/Art/Materials/Glow 2.mat using Guid(536c777f0563adb4abdc8688f95d1f9b) Importer(2089858483,0ecaa5967403d082aa24f35e1b516d23) [PhysX] Initialized MultithreadedTaskDispatcher with 12 workers.
 -> (artifact id: '8143a567ad60d1d39d90f3355cdb5c7f') in 0.057723 seconds
Number of updated asset objects reloaded before import = 0
Number of asset objects unloaded after import = 1
========================================================================
Received Import Request.
  Time since last request: 0.000018 seconds.
  path: Assets/Art/Tiles/NotGate.png
  artifactKey: Guid(0a9dbc27b1021b645a1298ba7fd269ea) Importer(2089858483,0ecaa5967403d082aa24f35e1b516d23)
Start importing Assets/Art/Tiles/NotGate.png using Guid(0a9dbc27b1021b645a1298ba7fd269ea) Importer(2089858483,0ecaa5967403d082aa24f35e1b516d23) [PhysX] Initialized MultithreadedTaskDispatcher with 12 workers.
 -> (artifact id: '223d0117363aeddee8fe55ad876dbc24') in 0.024365 seconds
Number of updated asset objects reloaded before import = 0
Number of asset objects unloaded after import = 3
========================================================================
Received Import Request.
  Time since last request: 0.000016 seconds.
  path: Assets/Art/Puzzle/In1.png
  artifactKey: Guid(7ad87155349c47f45a02ac29b916e52e) Importer(2089858483,0ecaa5967403d082aa24f35e1b516d23)
Start importing Assets/Art/Puzzle/In1.png using Guid(7ad87155349c47f45a02ac29b916e52e) Importer(2089858483,0ecaa5967403d082aa24f35e1b516d23) [PhysX] Initialized MultithreadedTaskDispatcher with 12 workers.
 -> (artifact id: 'de4b9a1ca420292ca13a6cbe72667974') in 0.025097 seconds
Number of updated asset objects reloaded before import = 0
Number of asset objects unloaded after import = 3
========================================================================
Received Import Request.
  Time since last request: 0.000023 seconds.
  path: Assets/Audio/SFX/appear-online.ogg
  artifactKey: Guid(b8fa2416c8b768946938aa69697aa56f) Importer(2089858483,0ecaa5967403d082aa24f35e1b516d23)
Start importing Assets/Audio/SFX/appear-online.ogg using Guid(b8fa2416c8b768946938aa69697aa56f) Importer(2089858483,0ecaa5967403d082aa24f35e1b516d23) [PhysX] Initialized MultithreadedTaskDispatcher with 12 workers.
 -> (artifact id: '1c34be3a570f22aa153a2182b49c9eac') in 0.071234 seconds
Number of updated asset objects reloaded before import = 0
Number of asset objects unloaded after import = 1
========================================================================
Received Import Request.
  Time since last request: 0.000021 seconds.
  path: Assets/Prefab/UI/SelectItemDragPrefab.prefab
  artifactKey: Guid(8ab7936d014f39b49b3c2281b6abcc1c) Importer(2089858483,0ecaa5967403d082aa24f35e1b516d23)
Start importing Assets/Prefab/UI/SelectItemDragPrefab.prefab using Guid(8ab7936d014f39b49b3c2281b6abcc1c) Importer(2089858483,0ecaa5967403d082aa24f35e1b516d23) [PhysX] Initialized MultithreadedTaskDispatcher with 12 workers.
 -> (artifact id: 'b19c247e2877aa402f205f163cc8543a') in 0.032010 seconds
Number of updated asset objects reloaded before import = 0
Number of asset objects unloaded after import = 8
========================================================================
Received Import Request.
  Time since last request: 0.000013 seconds.
  path: Assets/Art/Tiles/Lamp4.png
  artifactKey: Guid(640bb1e11711a3a428d5239539ce5a4f) Importer(2089858483,0ecaa5967403d082aa24f35e1b516d23)
Start importing Assets/Art/Tiles/Lamp4.png using Guid(640bb1e11711a3a428d5239539ce5a4f) Importer(2089858483,0ecaa5967403d082aa24f35e1b516d23) [PhysX] Initialized MultithreadedTaskDispatcher with 12 workers.
 -> (artifact id: 'c8c7afdefdbb28c378c9c1caf9ad8461') in 0.023304 seconds
Number of updated asset objects reloaded before import = 0
Number of asset objects unloaded after import = 3
========================================================================
Received Import Request.
  Time since last request: 0.000014 seconds.
  path: Assets/Art/Tiles/IO/A_on.png
  artifactKey: Guid(6abbc605082c7e14082d3d5c95b1f619) Importer(2089858483,0ecaa5967403d082aa24f35e1b516d23)
Start importing Assets/Art/Tiles/IO/A_on.png using Guid(6abbc605082c7e14082d3d5c95b1f619) Importer(2089858483,0ecaa5967403d082aa24f35e1b516d23) [PhysX] Initialized MultithreadedTaskDispatcher with 12 workers.
 -> (artifact id: 'c8edb4926b871b12cea7e6b219ba2c02') in 0.024408 seconds
Number of updated asset objects reloaded before import = 0
Number of asset objects unloaded after import = 3
========================================================================
Received Import Request.
  Time since last request: 0.000013 seconds.
  path: Assets/Art/Tiles/IO/B_on.png
  artifactKey: Guid(bd0e55121b951554ead393fe70df896c) Importer(2089858483,0ecaa5967403d082aa24f35e1b516d23)
Start importing Assets/Art/Tiles/IO/B_on.png using Guid(bd0e55121b951554ead393fe70df896c) Importer(2089858483,0ecaa5967403d082aa24f35e1b516d23) [PhysX] Initialized MultithreadedTaskDispatcher with 12 workers.
 -> (artifact id: '12a997f3c5fef3678b20b5b2f82666f2') in 0.022469 seconds
Number of updated asset objects reloaded before import = 0
Number of asset objects unloaded after import = 3
========================================================================
Received Import Request.
  Time since last request: 0.000014 seconds.
  path: Assets/Art/Tiles/IO/B.png
  artifactKey: Guid(97bce9810f670ec4380cceab99e4f6d7) Importer(2089858483,0ecaa5967403d082aa24f35e1b516d23)
Start importing Assets/Art/Tiles/IO/B.png using Guid(97bce9810f670ec4380cceab99e4f6d7) Importer(2089858483,0ecaa5967403d082aa24f35e1b516d23) [PhysX] Initialized MultithreadedTaskDispatcher with 12 workers.
 -> (artifact id: 'bed56d890ee84b14b1d7b79202a8f540') in 0.025112 seconds
Number of updated asset objects reloaded before import = 0
Number of asset objects unloaded after import = 3
========================================================================
Received Import Request.
  Time since last request: 0.000015 seconds.
  path: Assets/StreamingAssets/Puzzles/puzzle5-1.json
  artifactKey: Guid(4dfe01da50fd2124f84ddd79ffa9932c) Importer(2089858483,0ecaa5967403d082aa24f35e1b516d23)
Start importing Assets/StreamingAssets/Puzzles/puzzle5-1.json using Guid(4dfe01da50fd2124f84ddd79ffa9932c) Importer(2089858483,0ecaa5967403d082aa24f35e1b516d23) [PhysX] Initialized MultithreadedTaskDispatcher with 12 workers.
 -> (artifact id: '2252a3da023b7cb8f839f59d3b2d672b') in 0.006670 seconds
Number of updated asset objects reloaded before import = 0
Number of asset objects unloaded after import = 1
========================================================================
Received Import Request.
  Time since last request: 0.000015 seconds.
  path: Assets/Art/UI/Bars/ActionbarTile.png
  artifactKey: Guid(a9bcf517d36044a4ba544bf8e8a952ec) Importer(2089858483,0ecaa5967403d082aa24f35e1b516d23)
Start importing Assets/Art/UI/Bars/ActionbarTile.png using Guid(a9bcf517d36044a4ba544bf8e8a952ec) Importer(2089858483,0ecaa5967403d082aa24f35e1b516d23) [PhysX] Initialized MultithreadedTaskDispatcher with 12 workers.
 -> (artifact id: '15670102bf5c4981e3713583f5f37096') in 0.022701 seconds
Number of updated asset objects reloaded before import = 0
Number of asset objects unloaded after import = 3
========================================================================
Received Import Request.
  Time since last request: 0.000016 seconds.
  path: Assets/Art/UI/Border/PuzzleBG.png
  artifactKey: Guid(6c97fd561efa0974d9f2ef5bc9a02b12) Importer(2089858483,0ecaa5967403d082aa24f35e1b516d23)
Start importing Assets/Art/UI/Border/PuzzleBG.png using Guid(6c97fd561efa0974d9f2ef5bc9a02b12) Importer(2089858483,0ecaa5967403d082aa24f35e1b516d23) [PhysX] Initialized MultithreadedTaskDispatcher with 12 workers.
 -> (artifact id: 'a34da97069088b45585c40d8887e17ed') in 0.025755 seconds
Number of updated asset objects reloaded before import = 0
Number of asset objects unloaded after import = 3
========================================================================
Received Import Request.
  Time since last request: 0.000023 seconds.
  path: Assets/Art/UI/Bars/ActionbarTileSelected 1.png
  artifactKey: Guid(ff26ca1dd46aa6642ace2963627f1316) Importer(2089858483,0ecaa5967403d082aa24f35e1b516d23)
Start importing Assets/Art/UI/Bars/ActionbarTileSelected 1.png using Guid(ff26ca1dd46aa6642ace2963627f1316) Importer(2089858483,0ecaa5967403d082aa24f35e1b516d23) [PhysX] Initialized MultithreadedTaskDispatcher with 12 workers.
 -> (artifact id: 'e3cae856244209814f2851f3435739b2') in 0.023759 seconds
Number of updated asset objects reloaded before import = 0
Number of asset objects unloaded after import = 3
========================================================================
Received Import Request.
  Time since last request: 0.000015 seconds.
  path: Assets/Art/UI/Bars/ActionbarTileSelected.png
  artifactKey: Guid(03bd5a3c28fe941468a509323bff84e9) Importer(2089858483,0ecaa5967403d082aa24f35e1b516d23)
Start importing Assets/Art/UI/Bars/ActionbarTileSelected.png using Guid(03bd5a3c28fe941468a509323bff84e9) Importer(2089858483,0ecaa5967403d082aa24f35e1b516d23) [PhysX] Initialized MultithreadedTaskDispatcher with 12 workers.
 -> (artifact id: '5dcf667cf1af58f926497aaca40b5ebb') in 0.025066 seconds
Number of updated asset objects reloaded before import = 0
Number of asset objects unloaded after import = 3
========================================================================
Received Import Request.
  Time since last request: 0.000014 seconds.
  path: Assets/StreamingAssets/TutorialOLD/tutorial1.json
  artifactKey: Guid(8b4ffea158107f2438e606499c46afd6) Importer(2089858483,0ecaa5967403d082aa24f35e1b516d23)
Start importing Assets/StreamingAssets/TutorialOLD/tutorial1.json using Guid(8b4ffea158107f2438e606499c46afd6) Importer(2089858483,0ecaa5967403d082aa24f35e1b516d23) [PhysX] Initialized MultithreadedTaskDispatcher with 12 workers.
 -> (artifact id: '03bd1bacd3e310249f519b54b5ea9675') in 0.006539 seconds
Number of updated asset objects reloaded before import = 0
Number of asset objects unloaded after import = 1
========================================================================
Received Import Request.
  Time since last request: 0.000014 seconds.
  path: Assets/StreamingAssets/TutorialOLD/tutorial3.json
  artifactKey: Guid(9fa83b817b93fd5448c11428e9fdfdce) Importer(2089858483,0ecaa5967403d082aa24f35e1b516d23)
Start importing Assets/StreamingAssets/TutorialOLD/tutorial3.json using Guid(9fa83b817b93fd5448c11428e9fdfdce) Importer(2089858483,0ecaa5967403d082aa24f35e1b516d23) [PhysX] Initialized MultithreadedTaskDispatcher with 12 workers.
 -> (artifact id: '6933ce1ef8a489f45983844210018d70') in 0.004878 seconds
Number of updated asset objects reloaded before import = 0
Number of asset objects unloaded after import = 1
========================================================================
Received Import Request.
  Time since last request: 0.000012 seconds.
  path: Assets/Art/Tiles/IO/3_on.png
  artifactKey: Guid(05567c0448d29634e97163e730e74f8d) Importer(2089858483,0ecaa5967403d082aa24f35e1b516d23)
Start importing Assets/Art/Tiles/IO/3_on.png using Guid(05567c0448d29634e97163e730e74f8d) Importer(2089858483,0ecaa5967403d082aa24f35e1b516d23) [PhysX] Initialized MultithreadedTaskDispatcher with 12 workers.
 -> (artifact id: '1aae1c280841d6e8f025a5397c760db6') in 0.023119 seconds
Number of updated asset objects reloaded before import = 0
Number of asset objects unloaded after import = 3
========================================================================
Received Import Request.
  Time since last request: 0.000016 seconds.
  path: Assets/StreamingAssets/TutorialOLD/tutorial1-4.json
  artifactKey: Guid(96b8afb3562d519409b52d24bfdfb528) Importer(2089858483,0ecaa5967403d082aa24f35e1b516d23)
Start importing Assets/StreamingAssets/TutorialOLD/tutorial1-4.json using Guid(96b8afb3562d519409b52d24bfdfb528) Importer(2089858483,0ecaa5967403d082aa24f35e1b516d23) [PhysX] Initialized MultithreadedTaskDispatcher with 12 workers.
 -> (artifact id: '7afcc8aa878fc661211a79c1a659edf4') in 0.005077 seconds
Number of updated asset objects reloaded before import = 0
Number of asset objects unloaded after import = 1
========================================================================
Received Import Request.
  Time since last request: 0.000018 seconds.
  path: Assets/StreamingAssets/Puzzles/puzzle4-1.json
  artifactKey: Guid(cd130474286fe6340a326d78d3b83c38) Importer(2089858483,0ecaa5967403d082aa24f35e1b516d23)
Start importing Assets/StreamingAssets/Puzzles/puzzle4-1.json using Guid(cd130474286fe6340a326d78d3b83c38) Importer(2089858483,0ecaa5967403d082aa24f35e1b516d23) [PhysX] Initialized MultithreadedTaskDispatcher with 12 workers.
 -> (artifact id: '3250a77d1f4709657da231b310c3a406') in 0.004968 seconds
Number of updated asset objects reloaded before import = 0
Number of asset objects unloaded after import = 1
========================================================================
Received Import Request.
  Time since last request: 0.000016 seconds.
  path: Assets/StreamingAssets/Puzzles/puzzle2-4.json
  artifactKey: Guid(7df11a5b3d0b481458472d4831b6e01f) Importer(2089858483,0ecaa5967403d082aa24f35e1b516d23)
Start importing Assets/StreamingAssets/Puzzles/puzzle2-4.json using Guid(7df11a5b3d0b481458472d4831b6e01f) Importer(2089858483,0ecaa5967403d082aa24f35e1b516d23) [PhysX] Initialized MultithreadedTaskDispatcher with 12 workers.
 -> (artifact id: 'f46d5a6f36732bdcaa3188d3c8abca79') in 0.004893 seconds
Number of updated asset objects reloaded before import = 0
Number of asset objects unloaded after import = 1
========================================================================
Received Import Request.
  Time since last request: 0.000049 seconds.
  path: Assets/Art/UI/Border/ActionBarFull.png
  artifactKey: Guid(0408eee6a83608843971de1e3550e46b) Importer(2089858483,0ecaa5967403d082aa24f35e1b516d23)
Start importing Assets/Art/UI/Border/ActionBarFull.png using Guid(0408eee6a83608843971de1e3550e46b) Importer(2089858483,0ecaa5967403d082aa24f35e1b516d23) [PhysX] Initialized MultithreadedTaskDispatcher with 12 workers.
 -> (artifact id: 'a55de43b467c103941872d422eb7535d') in 0.023574 seconds
Number of updated asset objects reloaded before import = 0
Number of asset objects unloaded after import = 3
========================================================================
Received Import Request.
  Time since last request: 0.000014 seconds.
  path: Assets/Art/UI/Border/ActionBarFull 1.png
  artifactKey: Guid(4feeabbf8de3ab14a805443ad856f522) Importer(2089858483,0ecaa5967403d082aa24f35e1b516d23)
Start importing Assets/Art/UI/Border/ActionBarFull 1.png using Guid(4feeabbf8de3ab14a805443ad856f522) Importer(2089858483,0ecaa5967403d082aa24f35e1b516d23) [PhysX] Initialized MultithreadedTaskDispatcher with 12 workers.
 -> (artifact id: 'da677feabae0d5998611963b0d29644f') in 0.022753 seconds
Number of updated asset objects reloaded before import = 0
Number of asset objects unloaded after import = 3
========================================================================
Received Import Request.
  Time since last request: 0.000014 seconds.
  path: Assets/Art/UI/Bars/ActionbarTileSelected 2.png
  artifactKey: Guid(3559cd326e67ed249a0f1273b805fdd2) Importer(2089858483,0ecaa5967403d082aa24f35e1b516d23)
Start importing Assets/Art/UI/Bars/ActionbarTileSelected 2.png using Guid(3559cd326e67ed249a0f1273b805fdd2) Importer(2089858483,0ecaa5967403d082aa24f35e1b516d23) [PhysX] Initialized MultithreadedTaskDispatcher with 12 workers.
 -> (artifact id: 'ac10d8f91bc71d9f3739cd3758196d1c') in 0.028383 seconds
Number of updated asset objects reloaded before import = 0
Number of asset objects unloaded after import = 3
========================================================================
Received Import Request.
  Time since last request: 0.000015 seconds.
  path: Assets/StreamingAssets/Tutorial/tutorial2-1.json
  artifactKey: Guid(cd373165c73503541b7dfcf43f96ffeb) Importer(2089858483,0ecaa5967403d082aa24f35e1b516d23)
Start importing Assets/StreamingAssets/Tutorial/tutorial2-1.json using Guid(cd373165c73503541b7dfcf43f96ffeb) Importer(2089858483,0ecaa5967403d082aa24f35e1b516d23) [PhysX] Initialized MultithreadedTaskDispatcher with 12 workers.
 -> (artifact id: 'bc48115e1cc9cce4e1b071f6e1fe7bc4') in 0.007232 seconds
Number of updated asset objects reloaded before import = 0
Number of asset objects unloaded after import = 1
========================================================================
Received Import Request.
  Time since last request: 0.000015 seconds.
  path: Assets/StreamingAssets/TutorialOLD/tutorial2.json
  artifactKey: Guid(31355eeb03e8a2b479b7f5c80aa0c8d0) Importer(2089858483,0ecaa5967403d082aa24f35e1b516d23)
Start importing Assets/StreamingAssets/TutorialOLD/tutorial2.json using Guid(31355eeb03e8a2b479b7f5c80aa0c8d0) Importer(2089858483,0ecaa5967403d082aa24f35e1b516d23) [PhysX] Initialized MultithreadedTaskDispatcher with 12 workers.
 -> (artifact id: '3409f0a53cea2de8881dcca6bb7715d8') in 0.004846 seconds
Number of updated asset objects reloaded before import = 0
Number of asset objects unloaded after import = 1
========================================================================
Received Import Request.
  Time since last request: 0.000015 seconds.
  path: Assets/StreamingAssets/Puzzles/puzzle5-2.json
  artifactKey: Guid(df5ed8083f018884da1ac72a386d6706) Importer(2089858483,0ecaa5967403d082aa24f35e1b516d23)
Start importing Assets/StreamingAssets/Puzzles/puzzle5-2.json using Guid(df5ed8083f018884da1ac72a386d6706) Importer(2089858483,0ecaa5967403d082aa24f35e1b516d23) [PhysX] Initialized MultithreadedTaskDispatcher with 12 workers.
 -> (artifact id: '88ca5c3a3c631a866e124548e6436cd1') in 0.005101 seconds
Number of updated asset objects reloaded before import = 0
Number of asset objects unloaded after import = 1
========================================================================
Received Import Request.
  Time since last request: 0.000022 seconds.
  path: Assets/StreamingAssets/TutorialOLD/tutorial1-2.json
  artifactKey: Guid(bae9927d40b0c014880338cba060f703) Importer(2089858483,0ecaa5967403d082aa24f35e1b516d23)
Start importing Assets/StreamingAssets/TutorialOLD/tutorial1-2.json using Guid(bae9927d40b0c014880338cba060f703) Importer(2089858483,0ecaa5967403d082aa24f35e1b516d23) [PhysX] Initialized MultithreadedTaskDispatcher with 12 workers.
 -> (artifact id: '6897bf0f5551aa12558a55c24d38809d') in 0.005742 seconds
Number of updated asset objects reloaded before import = 0
Number of asset objects unloaded after import = 1
========================================================================
Received Import Request.
  Time since last request: 0.000015 seconds.
  path: Assets/Art/UI/Border/ExitBG_3.png
  artifactKey: Guid(ebc29fa358b78d546a83f4f55b5845f8) Importer(2089858483,0ecaa5967403d082aa24f35e1b516d23)
Start importing Assets/Art/UI/Border/ExitBG_3.png using Guid(ebc29fa358b78d546a83f4f55b5845f8) Importer(2089858483,0ecaa5967403d082aa24f35e1b516d23) [PhysX] Initialized MultithreadedTaskDispatcher with 12 workers.
 -> (artifact id: 'f31d86ce1cb1fb8fddcae2c6797cd613') in 0.023082 seconds
Number of updated asset objects reloaded before import = 0
Number of asset objects unloaded after import = 3
========================================================================
Received Import Request.
  Time since last request: 0.000017 seconds.
  path: Assets/Art/UI/Border/ExitBG.png
  artifactKey: Guid(5ca6854ad8c39774aa01bffe7aefe001) Importer(2089858483,0ecaa5967403d082aa24f35e1b516d23)
Start importing Assets/Art/UI/Border/ExitBG.png using Guid(5ca6854ad8c39774aa01bffe7aefe001) Importer(2089858483,0ecaa5967403d082aa24f35e1b516d23) [PhysX] Initialized MultithreadedTaskDispatcher with 12 workers.
 -> (artifact id: '5353e7e99d55d05040eda471827daced') in 0.024123 seconds
Number of updated asset objects reloaded before import = 0
Number of asset objects unloaded after import = 3
========================================================================
Received Import Request.
  Time since last request: 0.000022 seconds.
  path: Assets/StreamingAssets/Tutorial/tutorial1-1.json
  artifactKey: Guid(022f06308a95a2b4ba2f45196c120659) Importer(2089858483,0ecaa5967403d082aa24f35e1b516d23)
Start importing Assets/StreamingAssets/Tutorial/tutorial1-1.json using Guid(022f06308a95a2b4ba2f45196c120659) Importer(2089858483,0ecaa5967403d082aa24f35e1b516d23) [PhysX] Initialized MultithreadedTaskDispatcher with 12 workers.
 -> (artifact id: 'd974d7befce1c0242a7aeab4786de779') in 0.006917 seconds
Number of updated asset objects reloaded before import = 0
Number of asset objects unloaded after import = 1
========================================================================
Received Import Request.
  Time since last request: 0.000022 seconds.
  path: Assets/Art/Tiles/IO/C.png
  artifactKey: Guid(00b40082398467e47a798cf5ef241988) Importer(2089858483,0ecaa5967403d082aa24f35e1b516d23)
Start importing Assets/Art/Tiles/IO/C.png using Guid(00b40082398467e47a798cf5ef241988) Importer(2089858483,0ecaa5967403d082aa24f35e1b516d23) [PhysX] Initialized MultithreadedTaskDispatcher with 12 workers.
 -> (artifact id: 'c8a31b59374a9a89f02a5781511faa2a') in 0.023007 seconds
Number of updated asset objects reloaded before import = 0
Number of asset objects unloaded after import = 3
========================================================================
Received Import Request.
  Time since last request: 0.000016 seconds.
  path: Assets/StreamingAssets/Puzzles/puzzle2-1.json
  artifactKey: Guid(555cb8822e289bd47b8a68078510830c) Importer(2089858483,0ecaa5967403d082aa24f35e1b516d23)
Start importing Assets/StreamingAssets/Puzzles/puzzle2-1.json using Guid(555cb8822e289bd47b8a68078510830c) Importer(2089858483,0ecaa5967403d082aa24f35e1b516d23) [PhysX] Initialized MultithreadedTaskDispatcher with 12 workers.
 -> (artifact id: 'ffe1d7ea594ed131fe42c3a368c20888') in 0.005443 seconds
Number of updated asset objects reloaded before import = 0
Number of asset objects unloaded after import = 1
========================================================================
Received Import Request.
  Time since last request: 0.000016 seconds.
  path: Assets/Art/Tiles/IO/2.png
  artifactKey: Guid(bffbf48437895f64eb0f56b0ecf9c9fd) Importer(2089858483,0ecaa5967403d082aa24f35e1b516d23)
Start importing Assets/Art/Tiles/IO/2.png using Guid(bffbf48437895f64eb0f56b0ecf9c9fd) Importer(2089858483,0ecaa5967403d082aa24f35e1b516d23) [PhysX] Initialized MultithreadedTaskDispatcher with 12 workers.
 -> (artifact id: 'd4256571d250939d251ffdf4326c899b') in 0.022846 seconds
Number of updated asset objects reloaded before import = 0
Number of asset objects unloaded after import = 3
========================================================================
Received Import Request.
  Time since last request: 0.000016 seconds.
  path: Assets/Art/UI/Menu/Puzzles4.png
  artifactKey: Guid(cb56cc240d1773a4984b5e4c14d84124) Importer(2089858483,0ecaa5967403d082aa24f35e1b516d23)
Start importing Assets/Art/UI/Menu/Puzzles4.png using Guid(cb56cc240d1773a4984b5e4c14d84124) Importer(2089858483,0ecaa5967403d082aa24f35e1b516d23) [PhysX] Initialized MultithreadedTaskDispatcher with 12 workers.
 -> (artifact id: 'a9d1563bad1952255eb76016f5bde254') in 0.023397 seconds
Number of updated asset objects reloaded before import = 0
Number of asset objects unloaded after import = 3
========================================================================
Received Import Request.
  Time since last request: 0.000017 seconds.
  path: Assets/Art/UI/Expand/Expand_Pluss1.png
  artifactKey: Guid(f1625cf19f94f8242b6276fc9799ee0d) Importer(2089858483,0ecaa5967403d082aa24f35e1b516d23)
Start importing Assets/Art/UI/Expand/Expand_Pluss1.png using Guid(f1625cf19f94f8242b6276fc9799ee0d) Importer(2089858483,0ecaa5967403d082aa24f35e1b516d23) [PhysX] Initialized MultithreadedTaskDispatcher with 12 workers.
 -> (artifact id: 'f2b54aba2640246ba3d7d9d9444df4e9') in 0.027555 seconds
Number of updated asset objects reloaded before import = 0
Number of asset objects unloaded after import = 3
========================================================================
Received Import Request.
  Time since last request: 0.000018 seconds.
  path: Assets/Art/UI/Expand/Expand1.png
  artifactKey: Guid(87b47d2b7325ad249a4456a21a2ff42d) Importer(2089858483,0ecaa5967403d082aa24f35e1b516d23)
Start importing Assets/Art/UI/Expand/Expand1.png using Guid(87b47d2b7325ad249a4456a21a2ff42d) Importer(2089858483,0ecaa5967403d082aa24f35e1b516d23) [PhysX] Initialized MultithreadedTaskDispatcher with 12 workers.
 -> (artifact id: '9ba960dbe6d64a5f29c92379d061cd3b') in 0.025004 seconds
Number of updated asset objects reloaded before import = 0
Number of asset objects unloaded after import = 3
========================================================================
Received Import Request.
  Time since last request: 0.000019 seconds.
  path: Assets/Art/UI/Menu/Back_right_hover.png
  artifactKey: Guid(4b6236d025a8f044487dcad8213054f3) Importer(2089858483,0ecaa5967403d082aa24f35e1b516d23)
Start importing Assets/Art/UI/Menu/Back_right_hover.png using Guid(4b6236d025a8f044487dcad8213054f3) Importer(2089858483,0ecaa5967403d082aa24f35e1b516d23) [PhysX] Initialized MultithreadedTaskDispatcher with 12 workers.
 -> (artifact id: '9d275690064845735b34f2ecfb49a353') in 0.023712 seconds
Number of updated asset objects reloaded before import = 0
Number of asset objects unloaded after import = 3
========================================================================
Received Import Request.
  Time since last request: 0.000014 seconds.
  path: Assets/Art/UI/Expand/Expand_Minus1.png
  artifactKey: Guid(6db83ccaf67ba79459af67cc65d52d2e) Importer(2089858483,0ecaa5967403d082aa24f35e1b516d23)
Start importing Assets/Art/UI/Expand/Expand_Minus1.png using Guid(6db83ccaf67ba79459af67cc65d52d2e) Importer(2089858483,0ecaa5967403d082aa24f35e1b516d23) [PhysX] Initialized MultithreadedTaskDispatcher with 12 workers.
 -> (artifact id: '5a94fbe6e1db2c3df20279d8e0ad6916') in 0.023243 seconds
Number of updated asset objects reloaded before import = 0
Number of asset objects unloaded after import = 3
========================================================================
Received Import Request.
  Time since last request: 0.000018 seconds.
  path: Assets/Art/UI/Menu/Puzzles3_hover.png
  artifactKey: Guid(04194484f8dcf7a43ba93d7d7bc8adcc) Importer(2089858483,0ecaa5967403d082aa24f35e1b516d23)
Start importing Assets/Art/UI/Menu/Puzzles3_hover.png using Guid(04194484f8dcf7a43ba93d7d7bc8adcc) Importer(2089858483,0ecaa5967403d082aa24f35e1b516d23) [PhysX] Initialized MultithreadedTaskDispatcher with 12 workers.
 -> (artifact id: '73304c38e6ac40e44b7fa343b48815fb') in 0.023815 seconds
Number of updated asset objects reloaded before import = 0
Number of asset objects unloaded after import = 3
========================================================================
Received Import Request.
  Time since last request: 0.000017 seconds.
  path: Assets/Art/UI/Menu/Options2_hover.png
  artifactKey: Guid(e811d43f18305b349bd0ff199613c94e) Importer(2089858483,0ecaa5967403d082aa24f35e1b516d23)
Start importing Assets/Art/UI/Menu/Options2_hover.png using Guid(e811d43f18305b349bd0ff199613c94e) Importer(2089858483,0ecaa5967403d082aa24f35e1b516d23) [PhysX] Initialized MultithreadedTaskDispatcher with 12 workers.
 -> (artifact id: '314ac43d4ebcd331ae8eb57b1ede4396') in 0.022793 seconds
Number of updated asset objects reloaded before import = 0
Number of asset objects unloaded after import = 3
========================================================================
Received Import Request.
  Time since last request: 0.000022 seconds.
  path: Assets/Art/UI/Menu/Credits_hover.png
  artifactKey: Guid(1842b033f92e0014b977f5cb8460b143) Importer(2089858483,0ecaa5967403d082aa24f35e1b516d23)
Start importing Assets/Art/UI/Menu/Credits_hover.png using Guid(1842b033f92e0014b977f5cb8460b143) Importer(2089858483,0ecaa5967403d082aa24f35e1b516d23) [PhysX] Initialized MultithreadedTaskDispatcher with 12 workers.
 -> (artifact id: '1e8b49c5995f0779a2c044e0de57a4b1') in 0.027064 seconds
Number of updated asset objects reloaded before import = 0
Number of asset objects unloaded after import = 3
========================================================================
Received Import Request.
  Time since last request: 0.000015 seconds.
  path: Assets/Art/UI/Menu/Puzzles2_hover.png
  artifactKey: Guid(aa2b87f40d888f144853ca7018982a8f) Importer(2089858483,0ecaa5967403d082aa24f35e1b516d23)
Start importing Assets/Art/UI/Menu/Puzzles2_hover.png using Guid(aa2b87f40d888f144853ca7018982a8f) Importer(2089858483,0ecaa5967403d082aa24f35e1b516d23) [PhysX] Initialized MultithreadedTaskDispatcher with 12 workers.
 -> (artifact id: '32b91f88863891be29a40b6d55824e02') in 0.024294 seconds
Number of updated asset objects reloaded before import = 0
Number of asset objects unloaded after import = 3
========================================================================
Received Import Request.
  Time since last request: 0.000013 seconds.
  path: Assets/Art/UI/Menu/Sandbox2.png
  artifactKey: Guid(83664f6e51bd0054d8aa19798dcf1c39) Importer(2089858483,0ecaa5967403d082aa24f35e1b516d23)
Start importing Assets/Art/UI/Menu/Sandbox2.png using Guid(83664f6e51bd0054d8aa19798dcf1c39) Importer(2089858483,0ecaa5967403d082aa24f35e1b516d23) [PhysX] Initialized MultithreadedTaskDispatcher with 12 workers.
 -> (artifact id: 'c34d87bf7618d4759f05862f47bfe0fc') in 0.023595 seconds
Number of updated asset objects reloaded before import = 0
Number of asset objects unloaded after import = 3
========================================================================
Received Import Request.
  Time since last request: 0.000014 seconds.
  path: Assets/Art/UI/Menu/Options2.png
  artifactKey: Guid(2822e96260276304c8c68cdd45c944e0) Importer(2089858483,0ecaa5967403d082aa24f35e1b516d23)
Start importing Assets/Art/UI/Menu/Options2.png using Guid(2822e96260276304c8c68cdd45c944e0) Importer(2089858483,0ecaa5967403d082aa24f35e1b516d23) [PhysX] Initialized MultithreadedTaskDispatcher with 12 workers.
 -> (artifact id: '8be1a84139919362eb1620851360be02') in 0.022915 seconds
Number of updated asset objects reloaded before import = 0
Number of asset objects unloaded after import = 3
========================================================================
Received Import Request.
  Time since last request: 0.000012 seconds.
  path: Assets/Art/UI/Menu/Quit2.png
  artifactKey: Guid(325ff01745da2304d8fd395fab112630) Importer(2089858483,0ecaa5967403d082aa24f35e1b516d23)
Start importing Assets/Art/UI/Menu/Quit2.png using Guid(325ff01745da2304d8fd395fab112630) Importer(2089858483,0ecaa5967403d082aa24f35e1b516d23) [PhysX] Initialized MultithreadedTaskDispatcher with 12 workers.
 -> (artifact id: '83f7dbfa0a5a5b8ee06038ed438ff18c') in 0.028011 seconds
Number of updated asset objects reloaded before import = 0
Number of asset objects unloaded after import = 3
========================================================================
Received Import Request.
  Time since last request: 0.000013 seconds.
  path: Assets/Art/UI/Menu/Puzzles3.png
  artifactKey: Guid(9096bbbc4e71a034eb12c81e3df88eb2) Importer(2089858483,0ecaa5967403d082aa24f35e1b516d23)
Start importing Assets/Art/UI/Menu/Puzzles3.png using Guid(9096bbbc4e71a034eb12c81e3df88eb2) Importer(2089858483,0ecaa5967403d082aa24f35e1b516d23) [PhysX] Initialized MultithreadedTaskDispatcher with 12 workers.
 -> (artifact id: 'ee2b051aef5ed43904d4cbdadc6c8b66') in 0.026367 seconds
Number of updated asset objects reloaded before import = 0
Number of asset objects unloaded after import = 3
========================================================================
Received Import Request.
  Time since last request: 0.000015 seconds.
  path: Assets/Art/UI/Menu/Sandbox3.png
  artifactKey: Guid(4d1f3c76ac9994045b7dd71086b67d49) Importer(2089858483,0ecaa5967403d082aa24f35e1b516d23)
Start importing Assets/Art/UI/Menu/Sandbox3.png using Guid(4d1f3c76ac9994045b7dd71086b67d49) Importer(2089858483,0ecaa5967403d082aa24f35e1b516d23) [PhysX] Initialized MultithreadedTaskDispatcher with 12 workers.
 -> (artifact id: 'ea508d180dafcfe4eed3a7f159dfd145') in 0.023642 seconds
Number of updated asset objects reloaded before import = 0
Number of asset objects unloaded after import = 3
========================================================================
Received Import Request.
  Time since last request: 0.000019 seconds.
  path: Assets/Art/UI/Menu/Sandbox2_hover.png
  artifactKey: Guid(56a1b863268d43c44b59f4956db6a882) Importer(2089858483,0ecaa5967403d082aa24f35e1b516d23)
Start importing Assets/Art/UI/Menu/Sandbox2_hover.png using Guid(56a1b863268d43c44b59f4956db6a882) Importer(2089858483,0ecaa5967403d082aa24f35e1b516d23) [PhysX] Initialized MultithreadedTaskDispatcher with 12 workers.
 -> (artifact id: '0453df0b036634b3a4d62730b790aabd') in 0.023291 seconds
Number of updated asset objects reloaded before import = 0
Number of asset objects unloaded after import = 3
========================================================================
Received Import Request.
  Time since last request: 0.000016 seconds.
  path: Assets/StreamingAssets/Puzzles/puzzle3-3.json
  artifactKey: Guid(48338718fe30b364391978d3306a131c) Importer(2089858483,0ecaa5967403d082aa24f35e1b516d23)
Start importing Assets/StreamingAssets/Puzzles/puzzle3-3.json using Guid(48338718fe30b364391978d3306a131c) Importer(2089858483,0ecaa5967403d082aa24f35e1b516d23) [PhysX] Initialized MultithreadedTaskDispatcher with 12 workers.
 -> (artifact id: '219d01bdb2206f88032662bfe1987ef4') in 0.005792 seconds
Number of updated asset objects reloaded before import = 0
Number of asset objects unloaded after import = 1
========================================================================
Received Import Request.
  Time since last request: 0.000020 seconds.
  path: Assets/Art/UI/Menu/Quit3.png
  artifactKey: Guid(44d2374580e31cc459a2074d2c3f138f) Importer(2089858483,0ecaa5967403d082aa24f35e1b516d23)
Start importing Assets/Art/UI/Menu/Quit3.png using Guid(44d2374580e31cc459a2074d2c3f138f) Importer(2089858483,0ecaa5967403d082aa24f35e1b516d23) [PhysX] Initialized MultithreadedTaskDispatcher with 12 workers.
 -> (artifact id: '9c008db98ba56f81e235e2d84988f362') in 0.022518 seconds
Number of updated asset objects reloaded before import = 0
Number of asset objects unloaded after import = 3
========================================================================
Received Import Request.
  Time since last request: 0.000023 seconds.
  path: Assets/StreamingAssets/Tutorial/tutorial1-4.json
  artifactKey: Guid(20c4f5aa8abe02349ad3bbab717e8605) Importer(2089858483,0ecaa5967403d082aa24f35e1b516d23)
Start importing Assets/StreamingAssets/Tutorial/tutorial1-4.json using Guid(20c4f5aa8abe02349ad3bbab717e8605) Importer(2089858483,0ecaa5967403d082aa24f35e1b516d23) [PhysX] Initialized MultithreadedTaskDispatcher with 12 workers.
 -> (artifact id: '3b83499c9eb97e5701bc322f731c21f5') in 0.007223 seconds
Number of updated asset objects reloaded before import = 0
Number of asset objects unloaded after import = 1
========================================================================
Received Import Request.
  Time since last request: 0.000024 seconds.
  path: Assets/Art/UI/Menu/Puzzles2.png
  artifactKey: Guid(de0e1771f72ff1847ad35f40565d1ec0) Importer(2089858483,0ecaa5967403d082aa24f35e1b516d23)
Start importing Assets/Art/UI/Menu/Puzzles2.png using Guid(de0e1771f72ff1847ad35f40565d1ec0) Importer(2089858483,0ecaa5967403d082aa24f35e1b516d23) [PhysX] Initialized MultithreadedTaskDispatcher with 12 workers.
 -> (artifact id: 'a39e39d9848e796f1bb0c40fa193463f') in 0.022315 seconds
Number of updated asset objects reloaded before import = 0
Number of asset objects unloaded after import = 3
========================================================================
Received Import Request.
  Time since last request: 0.000015 seconds.
  path: Assets/Art/Tiles/IO/D_on.png
  artifactKey: Guid(d66a06fd5eee26e4d9e253d826ca15a2) Importer(2089858483,0ecaa5967403d082aa24f35e1b516d23)
Start importing Assets/Art/Tiles/IO/D_on.png using Guid(d66a06fd5eee26e4d9e253d826ca15a2) Importer(2089858483,0ecaa5967403d082aa24f35e1b516d23) [PhysX] Initialized MultithreadedTaskDispatcher with 12 workers.
 -> (artifact id: '471a887cd9e73a39a08ad16b4f18dac0') in 0.024537 seconds
Number of updated asset objects reloaded before import = 0
Number of asset objects unloaded after import = 3
========================================================================
Received Import Request.
  Time since last request: 0.000017 seconds.
  path: Assets/Art/UI/Border/ExitBG_2.png
  artifactKey: Guid(f6d2aa527c298a9419a5751635cdfd41) Importer(2089858483,0ecaa5967403d082aa24f35e1b516d23)
Start importing Assets/Art/UI/Border/ExitBG_2.png using Guid(f6d2aa527c298a9419a5751635cdfd41) Importer(2089858483,0ecaa5967403d082aa24f35e1b516d23) [PhysX] Initialized MultithreadedTaskDispatcher with 12 workers.
 -> (artifact id: 'bdf0dd89e0f5b3c1211d248065c67536') in 0.024128 seconds
Number of updated asset objects reloaded before import = 0
Number of asset objects unloaded after import = 3
========================================================================
Received Import Request.
  Time since last request: 0.000013 seconds.
  path: Assets/Art/UI/Options/OpenSaveFolder_hover.png
  artifactKey: Guid(45c86d2df5ee2fd4ea0668c257412044) Importer(2089858483,0ecaa5967403d082aa24f35e1b516d23)
Start importing Assets/Art/UI/Options/OpenSaveFolder_hover.png using Guid(45c86d2df5ee2fd4ea0668c257412044) Importer(2089858483,0ecaa5967403d082aa24f35e1b516d23) [PhysX] Initialized MultithreadedTaskDispatcher with 12 workers.
 -> (artifact id: '98398d12fd3e904535c87568a96032d6') in 0.022784 seconds
Number of updated asset objects reloaded before import = 0
Number of asset objects unloaded after import = 3
========================================================================
Received Import Request.
  Time since last request: 0.000014 seconds.
  path: Assets/Art/UI/Options/Keybinds.png
  artifactKey: Guid(563fec126561a114a9c1c1cc9b16ef67) Importer(2089858483,0ecaa5967403d082aa24f35e1b516d23)
Start importing Assets/Art/UI/Options/Keybinds.png using Guid(563fec126561a114a9c1c1cc9b16ef67) Importer(2089858483,0ecaa5967403d082aa24f35e1b516d23) [PhysX] Initialized MultithreadedTaskDispatcher with 12 workers.
 -> (artifact id: '45fd333d628b994d974988fab4790148') in 0.023772 seconds
Number of updated asset objects reloaded before import = 0
Number of asset objects unloaded after import = 3
========================================================================
Received Import Request.
  Time since last request: 0.000015 seconds.
  path: Assets/Art/UI/Overwrite/Cancel.png
  artifactKey: Guid(7ea920e497cafad409d58c6804a6955c) Importer(2089858483,0ecaa5967403d082aa24f35e1b516d23)
Start importing Assets/Art/UI/Overwrite/Cancel.png using Guid(7ea920e497cafad409d58c6804a6955c) Importer(2089858483,0ecaa5967403d082aa24f35e1b516d23) [PhysX] Initialized MultithreadedTaskDispatcher with 12 workers.
 -> (artifact id: 'a144a79c2ff6ec2a9ff32d152f47d980') in 0.026608 seconds
Number of updated asset objects reloaded before import = 0
Number of asset objects unloaded after import = 3
========================================================================
Received Import Request.
  Time since last request: 0.000016 seconds.
  path: Assets/Art/UI/Paused/PausedBackdrop21.png
  artifactKey: Guid(ce20673e659754e43a22233ab3887f4d) Importer(2089858483,0ecaa5967403d082aa24f35e1b516d23)
Start importing Assets/Art/UI/Paused/PausedBackdrop21.png using Guid(ce20673e659754e43a22233ab3887f4d) Importer(2089858483,0ecaa5967403d082aa24f35e1b516d23) [PhysX] Initialized MultithreadedTaskDispatcher with 12 workers.
 -> (artifact id: 'cf60605f48f08d7fcd8bf67174ccf846') in 0.024780 seconds
Number of updated asset objects reloaded before import = 0
Number of asset objects unloaded after import = 3
========================================================================
Received Import Request.
  Time since last request: 0.000015 seconds.
  path: Assets/Art/UI/Paused/UI_1.png
  artifactKey: Guid(6dab3c77e99ae9c40b6b36080bca520b) Importer(2089858483,0ecaa5967403d082aa24f35e1b516d23)
Start importing Assets/Art/UI/Paused/UI_1.png using Guid(6dab3c77e99ae9c40b6b36080bca520b) Importer(2089858483,0ecaa5967403d082aa24f35e1b516d23) [PhysX] Initialized MultithreadedTaskDispatcher with 12 workers.
 -> (artifact id: '431b375568fb94a8615ab552bb12e048') in 0.024318 seconds
Number of updated asset objects reloaded before import = 0
Number of asset objects unloaded after import = 3
========================================================================
Received Import Request.
  Time since last request: 0.000015 seconds.
  path: Assets/Art/UI/Paused/PausedBackdrop32.png
  artifactKey: Guid(74bfde09760fce4498a9f57a7bb87820) Importer(2089858483,0ecaa5967403d082aa24f35e1b516d23)
Start importing Assets/Art/UI/Paused/PausedBackdrop32.png using Guid(74bfde09760fce4498a9f57a7bb87820) Importer(2089858483,0ecaa5967403d082aa24f35e1b516d23) [PhysX] Initialized MultithreadedTaskDispatcher with 12 workers.
 -> (artifact id: 'b2cc50989deb22135a13165a8380f582') in 0.025437 seconds
Number of updated asset objects reloaded before import = 0
Number of asset objects unloaded after import = 3
========================================================================
Received Import Request.
  Time since last request: 0.000017 seconds.
  path: Assets/Art/UI/Paused/PausedBackdrop31.png
  artifactKey: Guid(b217e93b29311a64eaa6c0e926c447fd) Importer(2089858483,0ecaa5967403d082aa24f35e1b516d23)
Start importing Assets/Art/UI/Paused/PausedBackdrop31.png using Guid(b217e93b29311a64eaa6c0e926c447fd) Importer(2089858483,0ecaa5967403d082aa24f35e1b516d23) [PhysX] Initialized MultithreadedTaskDispatcher with 12 workers.
 -> (artifact id: 'b708b8e999f5f6b60bb656f397bcee4b') in 0.023879 seconds
Number of updated asset objects reloaded before import = 0
Number of asset objects unloaded after import = 3
========================================================================
Received Import Request.
  Time since last request: 0.000023 seconds.
  path: Assets/Art/UI/Paused/UI_2.png
  artifactKey: Guid(28d525a1d23f5814d8e2e71afd512494) Importer(2089858483,0ecaa5967403d082aa24f35e1b516d23)
Start importing Assets/Art/UI/Paused/UI_2.png using Guid(28d525a1d23f5814d8e2e71afd512494) Importer(2089858483,0ecaa5967403d082aa24f35e1b516d23) [PhysX] Initialized MultithreadedTaskDispatcher with 12 workers.
 -> (artifact id: 'a9c4e81a158c57e140720a637d4ffb57') in 0.022758 seconds
Number of updated asset objects reloaded before import = 0
Number of asset objects unloaded after import = 3
========================================================================
Received Import Request.
  Time since last request: 0.000016 seconds.
  path: Assets/Art/UI/Options/GenericNav_hover.png
  artifactKey: Guid(9abcdd2e77a20744a9a87f3c2ae0d678) Importer(2089858483,0ecaa5967403d082aa24f35e1b516d23)
Start importing Assets/Art/UI/Options/GenericNav_hover.png using Guid(9abcdd2e77a20744a9a87f3c2ae0d678) Importer(2089858483,0ecaa5967403d082aa24f35e1b516d23) [PhysX] Initialized MultithreadedTaskDispatcher with 12 workers.
 -> (artifact id: '2ce86f8d2eef37c4db68b440d9b56966') in 0.024062 seconds
Number of updated asset objects reloaded before import = 0
Number of asset objects unloaded after import = 3
========================================================================
Received Import Request.
  Time since last request: 0.000012 seconds.
  path: Assets/Art/Tiles/IO/A.png
  artifactKey: Guid(09e442df777f34a4abdd2d21357f006d) Importer(2089858483,0ecaa5967403d082aa24f35e1b516d23)
Start importing Assets/Art/Tiles/IO/A.png using Guid(09e442df777f34a4abdd2d21357f006d) Importer(2089858483,0ecaa5967403d082aa24f35e1b516d23) [PhysX] Initialized MultithreadedTaskDispatcher with 12 workers.
 -> (artifact id: '82f95e65b8646f49ad823d7de6cdacb1') in 0.027138 seconds
Number of updated asset objects reloaded before import = 0
Number of asset objects unloaded after import = 3
========================================================================
Received Import Request.
  Time since last request: 0.000014 seconds.
  path: Assets/Art/UI/Menu/Quit1_hover.png
  artifactKey: Guid(f37ace1bbac18d64aa7cefa3de932fc7) Importer(2089858483,0ecaa5967403d082aa24f35e1b516d23)
Start importing Assets/Art/UI/Menu/Quit1_hover.png using Guid(f37ace1bbac18d64aa7cefa3de932fc7) Importer(2089858483,0ecaa5967403d082aa24f35e1b516d23) [PhysX] Initialized MultithreadedTaskDispatcher with 12 workers.
 -> (artifact id: 'de9a0f82c9e60442f282474ed1b537b9') in 0.028905 seconds
Number of updated asset objects reloaded before import = 0
Number of asset objects unloaded after import = 3
========================================================================
Received Import Request.
  Time since last request: 0.000015 seconds.
  path: Assets/Art/UI/Menu/Credits.png
  artifactKey: Guid(49b83287ea95de34db39be201e1c1b1d) Importer(2089858483,0ecaa5967403d082aa24f35e1b516d23)
Start importing Assets/Art/UI/Menu/Credits.png using Guid(49b83287ea95de34db39be201e1c1b1d) Importer(2089858483,0ecaa5967403d082aa24f35e1b516d23) [PhysX] Initialized MultithreadedTaskDispatcher with 12 workers.
 -> (artifact id: 'ec777cc1b58a8ab89d52191c1de9fc38') in 0.029836 seconds
Number of updated asset objects reloaded before import = 0
Number of asset objects unloaded after import = 3
========================================================================
Received Import Request.
  Time since last request: 0.000013 seconds.
  path: Assets/Art/Tiles/IO/C_on.png
  artifactKey: Guid(c46235fbc4642754fb458e395f95b0d8) Importer(2089858483,0ecaa5967403d082aa24f35e1b516d23)
Start importing Assets/Art/Tiles/IO/C_on.png using Guid(c46235fbc4642754fb458e395f95b0d8) Importer(2089858483,0ecaa5967403d082aa24f35e1b516d23) [PhysX] Initialized MultithreadedTaskDispatcher with 12 workers.
 -> (artifact id: '0f7e27ffd140c9ea12278d1ee1fed9c1') in 0.023087 seconds
Number of updated asset objects reloaded before import = 0
Number of asset objects unloaded after import = 3
========================================================================
Received Import Request.
  Time since last request: 0.000022 seconds.
  path: Assets/Art/Tiles/IO/1_on.png
  artifactKey: Guid(33b90b0e5e7aa6c4cb20d48a831d8825) Importer(2089858483,0ecaa5967403d082aa24f35e1b516d23)
Start importing Assets/Art/Tiles/IO/1_on.png using Guid(33b90b0e5e7aa6c4cb20d48a831d8825) Importer(2089858483,0ecaa5967403d082aa24f35e1b516d23) [PhysX] Initialized MultithreadedTaskDispatcher with 12 workers.
 -> (artifact id: 'a09eeb481155ed7b53ebf863f3e0a018') in 0.023762 seconds
Number of updated asset objects reloaded before import = 0
Number of asset objects unloaded after import = 3
========================================================================
Received Import Request.
  Time since last request: 0.000017 seconds.
  path: Assets/Art/UI/Menu/Quit1_hover2.png
  artifactKey: Guid(df1724bfce8fb024b90f9fe8981c0534) Importer(2089858483,0ecaa5967403d082aa24f35e1b516d23)
Start importing Assets/Art/UI/Menu/Quit1_hover2.png using Guid(df1724bfce8fb024b90f9fe8981c0534) Importer(2089858483,0ecaa5967403d082aa24f35e1b516d23) [PhysX] Initialized MultithreadedTaskDispatcher with 12 workers.
 -> (artifact id: 'd37d3c3eddaf473fb29a6f77e7310881') in 0.053476 seconds
Number of updated asset objects reloaded before import = 0
Number of asset objects unloaded after import = 3
========================================================================
Received Import Request.
  Time since last request: 0.000018 seconds.
  path: Assets/Art/UI/Menu/Website2.png
  artifactKey: Guid(9361397f0b540384b949d7fd610c5623) Importer(2089858483,0ecaa5967403d082aa24f35e1b516d23)
Start importing Assets/Art/UI/Menu/Website2.png using Guid(9361397f0b540384b949d7fd610c5623) Importer(2089858483,0ecaa5967403d082aa24f35e1b516d23) [PhysX] Initialized MultithreadedTaskDispatcher with 12 workers.
 -> (artifact id: '47d48f8236a07969de8dc4a6832e9370') in 0.022353 seconds
Number of updated asset objects reloaded before import = 0
Number of asset objects unloaded after import = 3
========================================================================
Received Import Request.
  Time since last request: 0.000020 seconds.
  path: Assets/StreamingAssets/Tutorial/tutorial0.json
  artifactKey: Guid(8d1643519c7768d43b87303b9f4286f0) Importer(2089858483,0ecaa5967403d082aa24f35e1b516d23)
Start importing Assets/StreamingAssets/Tutorial/tutorial0.json using Guid(8d1643519c7768d43b87303b9f4286f0) Importer(2089858483,0ecaa5967403d082aa24f35e1b516d23) [PhysX] Initialized MultithreadedTaskDispatcher with 12 workers.
 -> (artifact id: '478ca3bf95cb0bb38fbbad59a4c6038c') in 0.007513 seconds
Number of updated asset objects reloaded before import = 0
Number of asset objects unloaded after import = 1
========================================================================
Received Import Request.
  Time since last request: 0.000016 seconds.
  path: Assets/Art/UI/Menu/Quit2_hover2.png
  artifactKey: Guid(459345655b2263d45818b41fcd116d49) Importer(2089858483,0ecaa5967403d082aa24f35e1b516d23)
Start importing Assets/Art/UI/Menu/Quit2_hover2.png using Guid(459345655b2263d45818b41fcd116d49) Importer(2089858483,0ecaa5967403d082aa24f35e1b516d23) [PhysX] Initialized MultithreadedTaskDispatcher with 12 workers.
 -> (artifact id: '55e94742e014b253645ffbb83e01b497') in 0.023581 seconds
Number of updated asset objects reloaded before import = 0
Number of asset objects unloaded after import = 3
========================================================================
Received Import Request.
  Time since last request: 0.000019 seconds.
  path: Assets/Scripts/Puzzle/PuzzleArray.cs
  artifactKey: Guid(6f60b90f20809964dae21f2b97b225b5) Importer(2089858483,0ecaa5967403d082aa24f35e1b516d23)
Start importing Assets/Scripts/Puzzle/PuzzleArray.cs using Guid(6f60b90f20809964dae21f2b97b225b5) Importer(2089858483,0ecaa5967403d082aa24f35e1b516d23) [PhysX] Initialized MultithreadedTaskDispatcher with 12 workers.
 -> (artifact id: '843f61a2c7f75894e19e906f3472cc0d') in 0.006848 seconds
Number of updated asset objects reloaded before import = 0
Number of asset objects unloaded after import = 1
========================================================================
Received Import Request.
  Time since last request: 0.000024 seconds.
  path: Assets/Art/Tiles/IO/3.png
  artifactKey: Guid(0e652aaf628165a47a03fae59a65a1cc) Importer(2089858483,0ecaa5967403d082aa24f35e1b516d23)
Start importing Assets/Art/Tiles/IO/3.png using Guid(0e652aaf628165a47a03fae59a65a1cc) Importer(2089858483,0ecaa5967403d082aa24f35e1b516d23) [PhysX] Initialized MultithreadedTaskDispatcher with 12 workers.
 -> (artifact id: '383dd8d0e96d47eae91abe5387406df7') in 0.023120 seconds
Number of updated asset objects reloaded before import = 0
Number of asset objects unloaded after import = 3
========================================================================
Received Import Request.
  Time since last request: 0.000015 seconds.
  path: Assets/Art/UI/Border/CompBG.png
  artifactKey: Guid(96e340a4fd637164a882e59b5f2a7904) Importer(2089858483,0ecaa5967403d082aa24f35e1b516d23)
Start importing Assets/Art/UI/Border/CompBG.png using Guid(96e340a4fd637164a882e59b5f2a7904) Importer(2089858483,0ecaa5967403d082aa24f35e1b516d23) [PhysX] Initialized MultithreadedTaskDispatcher with 12 workers.
 -> (artifact id: '86ad8277d395002cd1643d9efbe0eb34') in 0.023082 seconds
Number of updated asset objects reloaded before import = 0
Number of asset objects unloaded after import = 3
========================================================================
Received Import Request.
  Time since last request: 0.000014 seconds.
  path: Assets/Art/UI/WorldOpts/StatNav.png
  artifactKey: Guid(841cc94c3cb898043904c5193765351d) Importer(2089858483,0ecaa5967403d082aa24f35e1b516d23)
Start importing Assets/Art/UI/WorldOpts/StatNav.png using Guid(841cc94c3cb898043904c5193765351d) Importer(2089858483,0ecaa5967403d082aa24f35e1b516d23) [PhysX] Initialized MultithreadedTaskDispatcher with 12 workers.
 -> (artifact id: 'adc405c6296fe51e9a90b4a986ae5a24') in 0.024701 seconds
Number of updated asset objects reloaded before import = 0
Number of asset objects unloaded after import = 3
========================================================================
Received Import Request.
  Time since last request: 0.000015 seconds.
  path: Assets/Art/UI/Selection/Select21.png
  artifactKey: Guid(5d46002facf4c7c4ea358035d7861c5f) Importer(2089858483,0ecaa5967403d082aa24f35e1b516d23)
Start importing Assets/Art/UI/Selection/Select21.png using Guid(5d46002facf4c7c4ea358035d7861c5f) Importer(2089858483,0ecaa5967403d082aa24f35e1b516d23) [PhysX] Initialized MultithreadedTaskDispatcher with 12 workers.
 -> (artifact id: 'accd5d586fcf13ecc764ed6c848ebce0') in 0.021496 seconds
Number of updated asset objects reloaded before import = 0
Number of asset objects unloaded after import = 3
========================================================================
Received Import Request.
  Time since last request: 0.000013 seconds.
  path: Assets/Scripts/UI/Actionbar/ActionbarController.cs
  artifactKey: Guid(1ec93da0b5d2050438fe7cf9a6ffde10) Importer(2089858483,0ecaa5967403d082aa24f35e1b516d23)
Start importing Assets/Scripts/UI/Actionbar/ActionbarController.cs using Guid(1ec93da0b5d2050438fe7cf9a6ffde10) Importer(2089858483,0ecaa5967403d082aa24f35e1b516d23) [PhysX] Initialized MultithreadedTaskDispatcher with 12 workers.
 -> (artifact id: 'c2dbef0fc216b1f8db6d4899df55794f') in 0.007241 seconds
Number of updated asset objects reloaded before import = 0
Number of asset objects unloaded after import = 1
========================================================================
Received Import Request.
  Time since last request: 0.000022 seconds.
  path: Assets/Scripts/UI/Actionbar/ActionBarItem.cs
  artifactKey: Guid(eeb34b8e6c6584247afaf8da0b3a8a59) Importer(2089858483,0ecaa5967403d082aa24f35e1b516d23)
Start importing Assets/Scripts/UI/Actionbar/ActionBarItem.cs using Guid(eeb34b8e6c6584247afaf8da0b3a8a59) Importer(2089858483,0ecaa5967403d082aa24f35e1b516d23) [PhysX] Initialized MultithreadedTaskDispatcher with 12 workers.
 -> (artifact id: 'c5590964d8432160e150e89c03c15952') in 0.008025 seconds
Number of updated asset objects reloaded before import = 0
Number of asset objects unloaded after import = 1
========================================================================
Received Import Request.
  Time since last request: 0.000017 seconds.
  path: Assets/Scripts/Tiles/ActualTiles/SignController.cs
  artifactKey: Guid(82e8d28db586eaf47b9020bff62e07eb) Importer(2089858483,0ecaa5967403d082aa24f35e1b516d23)
Start importing Assets/Scripts/Tiles/ActualTiles/SignController.cs using Guid(82e8d28db586eaf47b9020bff62e07eb) Importer(2089858483,0ecaa5967403d082aa24f35e1b516d23) [PhysX] Initialized MultithreadedTaskDispatcher with 12 workers.
 -> (artifact id: 'b04092ae28d6c67a514e08229146b9e3') in 0.007435 seconds
Number of updated asset objects reloaded before import = 0
Number of asset objects unloaded after import = 1
========================================================================
Received Import Request.
  Time since last request: 0.000015 seconds.
  path: Assets/Scripts/Puzzle/NewPuzzleTutorial/TutorialAction.cs
  artifactKey: Guid(ecba7c208218bbb4c9412862ea49108a) Importer(2089858483,0ecaa5967403d082aa24f35e1b516d23)
Start importing Assets/Scripts/Puzzle/NewPuzzleTutorial/TutorialAction.cs using Guid(ecba7c208218bbb4c9412862ea49108a) Importer(2089858483,0ecaa5967403d082aa24f35e1b516d23) [PhysX] Initialized MultithreadedTaskDispatcher with 12 workers.
 -> (artifact id: 'ef36a753277a7fe64de9be725f2c724d') in 0.007506 seconds
Number of updated asset objects reloaded before import = 0
Number of asset objects unloaded after import = 1
========================================================================
Received Import Request.
  Time since last request: 0.000014 seconds.
  path: Assets/Art/UI/Selection/Select.png
  artifactKey: Guid(d0ac392148b253c4299a2c89aa4c206b) Importer(2089858483,0ecaa5967403d082aa24f35e1b516d23)
Start importing Assets/Art/UI/Selection/Select.png using Guid(d0ac392148b253c4299a2c89aa4c206b) Importer(2089858483,0ecaa5967403d082aa24f35e1b516d23) [PhysX] Initialized MultithreadedTaskDispatcher with 12 workers.
 -> (artifact id: '0f7b9c87392b02bcd54a2649d414cda9') in 0.023939 seconds
Number of updated asset objects reloaded before import = 0
Number of asset objects unloaded after import = 3
========================================================================
Received Import Request.
  Time since last request: 0.000019 seconds.
  path: Assets/Art/UI/WorldOpts/ApplyNav_hover.png
  artifactKey: Guid(e4f725e0805249d489d13b8105a16c02) Importer(2089858483,0ecaa5967403d082aa24f35e1b516d23)
Start importing Assets/Art/UI/WorldOpts/ApplyNav_hover.png using Guid(e4f725e0805249d489d13b8105a16c02) Importer(2089858483,0ecaa5967403d082aa24f35e1b516d23) [PhysX] Initialized MultithreadedTaskDispatcher with 12 workers.
 -> (artifact id: '4ef649be1b0e648ea8f69968a3af2a4a') in 0.028355 seconds
Number of updated asset objects reloaded before import = 0
Number of asset objects unloaded after import = 3
========================================================================
Received Import Request.
  Time since last request: 0.000024 seconds.
  path: Assets/Scripts/Tiles/ActualTiles/DelayerController.cs
  artifactKey: Guid(5b6b0d9719544e54092dd2013b61881c) Importer(2089858483,0ecaa5967403d082aa24f35e1b516d23)
Start importing Assets/Scripts/Tiles/ActualTiles/DelayerController.cs using Guid(5b6b0d9719544e54092dd2013b61881c) Importer(2089858483,0ecaa5967403d082aa24f35e1b516d23) [PhysX] Initialized MultithreadedTaskDispatcher with 12 workers.
 -> (artifact id: 'babb8c1c8a3b4e12333d2db381f2b225') in 0.013624 seconds
Number of updated asset objects reloaded before import = 0
Number of asset objects unloaded after import = 1
========================================================================
Received Import Request.
  Time since last request: 0.000026 seconds.
  path: Assets/Art/UI/WorldOpts/ExpandNav.png
  artifactKey: Guid(1f1a9e22490ad9945a49726c8a337d2b) Importer(2089858483,0ecaa5967403d082aa24f35e1b516d23)
Start importing Assets/Art/UI/WorldOpts/ExpandNav.png using Guid(1f1a9e22490ad9945a49726c8a337d2b) Importer(2089858483,0ecaa5967403d082aa24f35e1b516d23) [PhysX] Initialized MultithreadedTaskDispatcher with 12 workers.
 -> (artifact id: '8ed408858f5cdb7e7d5cc311e673c907') in 0.024366 seconds
Number of updated asset objects reloaded before import = 0
Number of asset objects unloaded after import = 3
========================================================================
Received Import Request.
  Time since last request: 0.000015 seconds.
  path: Assets/Art/UI/Selection/MoveBlue1.png
  artifactKey: Guid(bb430fb89a7603a45a00898929fa2da5) Importer(2089858483,0ecaa5967403d082aa24f35e1b516d23)
Start importing Assets/Art/UI/Selection/MoveBlue1.png using Guid(bb430fb89a7603a45a00898929fa2da5) Importer(2089858483,0ecaa5967403d082aa24f35e1b516d23) [PhysX] Initialized MultithreadedTaskDispatcher with 12 workers.
 -> (artifact id: 'f10e13b22d0554ad97829bec29543159') in 0.023584 seconds
Number of updated asset objects reloaded before import = 0
Number of asset objects unloaded after import = 3
========================================================================
Received Import Request.
  Time since last request: 0.000015 seconds.
  path: Assets/Scripts/Puzzle/DEPRECATED/PuzzlePlay.cs
  artifactKey: Guid(94f1e1466db630d47b6a322da3fe5e34) Importer(2089858483,0ecaa5967403d082aa24f35e1b516d23)
Start importing Assets/Scripts/Puzzle/DEPRECATED/PuzzlePlay.cs using Guid(94f1e1466db630d47b6a322da3fe5e34) Importer(2089858483,0ecaa5967403d082aa24f35e1b516d23) [PhysX] Initialized MultithreadedTaskDispatcher with 12 workers.
 -> (artifact id: 'da9ac3c62affa2f852ec2d3c02fa8df0') in 0.006660 seconds
Number of updated asset objects reloaded before import = 0
Number of asset objects unloaded after import = 1
========================================================================
Received Import Request.
  Time since last request: 0.000016 seconds.
  path: Assets/Art/UI/WorldOpts/ExpandNav_hover.png
  artifactKey: Guid(7038e7ea3bb07b74ba1d8eead5fff760) Importer(2089858483,0ecaa5967403d082aa24f35e1b516d23)
Start importing Assets/Art/UI/WorldOpts/ExpandNav_hover.png using Guid(7038e7ea3bb07b74ba1d8eead5fff760) Importer(2089858483,0ecaa5967403d082aa24f35e1b516d23) [PhysX] Initialized MultithreadedTaskDispatcher with 12 workers.
 -> (artifact id: '5bf4e743947251f073a93d7fa49a5811') in 0.022858 seconds
Number of updated asset objects reloaded before import = 0
Number of asset objects unloaded after import = 3
========================================================================
Received Import Request.
  Time since last request: 0.000014 seconds.
  path: Assets/Scripts/UI/Actionbar/SelectbarItemDrag.cs
  artifactKey: Guid(5f6114dd17439014fb1d89654a4ae251) Importer(2089858483,0ecaa5967403d082aa24f35e1b516d23)
Start importing Assets/Scripts/UI/Actionbar/SelectbarItemDrag.cs using Guid(5f6114dd17439014fb1d89654a4ae251) Importer(2089858483,0ecaa5967403d082aa24f35e1b516d23) [PhysX] Initialized MultithreadedTaskDispatcher with 12 workers.
 -> (artifact id: '10e752f62b237f3d315dc4bdf74de564') in 0.006442 seconds
Number of updated asset objects reloaded before import = 0
Number of asset objects unloaded after import = 1
========================================================================
Received Import Request.
  Time since last request: 0.000018 seconds.
  path: Assets/Scripts/Tiles/ActualTiles/HopWireController.cs
  artifactKey: Guid(bb766f835497b554999b69257bf1d6bc) Importer(2089858483,0ecaa5967403d082aa24f35e1b516d23)
Start importing Assets/Scripts/Tiles/ActualTiles/HopWireController.cs using Guid(bb766f835497b554999b69257bf1d6bc) Importer(2089858483,0ecaa5967403d082aa24f35e1b516d23) [PhysX] Initialized MultithreadedTaskDispatcher with 12 workers.
 -> (artifact id: '737b7c8a7a2e807553f333e953003428') in 0.007654 seconds
Number of updated asset objects reloaded before import = 0
Number of asset objects unloaded after import = 1
========================================================================
Received Import Request.
  Time since last request: 0.000014 seconds.
  path: Assets/Art/UI/Selection/Move_hover.png
  artifactKey: Guid(138860b1fff373745be3ed8baf8a46c8) Importer(2089858483,0ecaa5967403d082aa24f35e1b516d23)
Start importing Assets/Art/UI/Selection/Move_hover.png using Guid(138860b1fff373745be3ed8baf8a46c8) Importer(2089858483,0ecaa5967403d082aa24f35e1b516d23) [PhysX] Initialized MultithreadedTaskDispatcher with 12 workers.
 -> (artifact id: '6f5e0e92b8d2f43f2eeea9505a699294') in 0.022700 seconds
Number of updated asset objects reloaded before import = 0
Number of asset objects unloaded after import = 3
========================================================================
Received Import Request.
  Time since last request: 0.000016 seconds.
  path: Assets/Art/UI/WorldOpts/LockNav_hover.png
  artifactKey: Guid(8230621c78854a541b038a3b70d35581) Importer(2089858483,0ecaa5967403d082aa24f35e1b516d23)
Start importing Assets/Art/UI/WorldOpts/LockNav_hover.png using Guid(8230621c78854a541b038a3b70d35581) Importer(2089858483,0ecaa5967403d082aa24f35e1b516d23) [PhysX] Initialized MultithreadedTaskDispatcher with 12 workers.
 -> (artifact id: '657ca3beffe9f72abb8a35067de10efe') in 0.024129 seconds
Number of updated asset objects reloaded before import = 0
Number of asset objects unloaded after import = 3
========================================================================
Received Import Request.
  Time since last request: 0.000023 seconds.
  path: Assets/Art/UI/WorldOpts/Expand.png
  artifactKey: Guid(05e4af584d3ecbc43881578dc5a5414d) Importer(2089858483,0ecaa5967403d082aa24f35e1b516d23)
Start importing Assets/Art/UI/WorldOpts/Expand.png using Guid(05e4af584d3ecbc43881578dc5a5414d) Importer(2089858483,0ecaa5967403d082aa24f35e1b516d23) [PhysX] Initialized MultithreadedTaskDispatcher with 12 workers.
 -> (artifact id: '89075a38d2659b4e293993abaaa5e935') in 0.025038 seconds
Number of updated asset objects reloaded before import = 0
Number of asset objects unloaded after import = 3
========================================================================
Received Import Request.
  Time since last request: 0.000018 seconds.
  path: Assets/Scripts/Tiles/ActualTiles/ButtonController.cs
  artifactKey: Guid(8d66aa547bb1aa04190e6b75e796258b) Importer(2089858483,0ecaa5967403d082aa24f35e1b516d23)
Start importing Assets/Scripts/Tiles/ActualTiles/ButtonController.cs using Guid(8d66aa547bb1aa04190e6b75e796258b) Importer(2089858483,0ecaa5967403d082aa24f35e1b516d23) [PhysX] Initialized MultithreadedTaskDispatcher with 12 workers.
 -> (artifact id: 'b325e8fd127b7b615b8a0070b6af6928') in 0.007414 seconds
Number of updated asset objects reloaded before import = 0
Number of asset objects unloaded after import = 1
========================================================================
Received Import Request.
  Time since last request: 0.000021 seconds.
  path: Assets/Art/UI/Selection/Dupe21.png
  artifactKey: Guid(5fe89fe6f094caf42999e9fb17598a5f) Importer(2089858483,0ecaa5967403d082aa24f35e1b516d23)
Start importing Assets/Art/UI/Selection/Dupe21.png using Guid(5fe89fe6f094caf42999e9fb17598a5f) Importer(2089858483,0ecaa5967403d082aa24f35e1b516d23) [PhysX] Initialized MultithreadedTaskDispatcher with 12 workers.
 -> (artifact id: '4b812bd0d62524d4dade5203677c2825') in 0.024324 seconds
Number of updated asset objects reloaded before import = 0
Number of asset objects unloaded after import = 3
========================================================================
Received Import Request.
  Time since last request: 0.000017 seconds.
  path: Assets/Art/UI/Menu/Puzzles4_hover.png
  artifactKey: Guid(3531fa2a9af9c9f429c4fc3d351c9920) Importer(2089858483,0ecaa5967403d082aa24f35e1b516d23)
Start importing Assets/Art/UI/Menu/Puzzles4_hover.png using Guid(3531fa2a9af9c9f429c4fc3d351c9920) Importer(2089858483,0ecaa5967403d082aa24f35e1b516d23) [PhysX] Initialized MultithreadedTaskDispatcher with 12 workers.
 -> (artifact id: '858ceb8e0d0e7d93198aba9ed00e868f') in 0.025329 seconds
Number of updated asset objects reloaded before import = 0
Number of asset objects unloaded after import = 3
========================================================================
Received Import Request.
  Time since last request: 0.000018 seconds.
  path: Assets/Prefab/Components/ComponentPlacer.prefab
  artifactKey: Guid(5d1d22cfd3673394aa2dde9a628760ff) Importer(2089858483,0ecaa5967403d082aa24f35e1b516d23)
Start importing Assets/Prefab/Components/ComponentPlacer.prefab using Guid(5d1d22cfd3673394aa2dde9a628760ff) Importer(2089858483,0ecaa5967403d082aa24f35e1b516d23) [PhysX] Initialized MultithreadedTaskDispatcher with 12 workers.
 -> (artifact id: 'e3956574461027174bbdbd2d4aa661be') in 0.041767 seconds
Number of updated asset objects reloaded before import = 0
Number of asset objects unloaded after import = 14
========================================================================
Received Import Request.
  Time since last request: 0.000022 seconds.
  path: Assets/Art/Tiles/Lamp3.png
  artifactKey: Guid(87584f4e783041349aaddedd16809c61) Importer(2089858483,0ecaa5967403d082aa24f35e1b516d23)
Start importing Assets/Art/Tiles/Lamp3.png using Guid(87584f4e783041349aaddedd16809c61) Importer(2089858483,0ecaa5967403d082aa24f35e1b516d23) [PhysX] Initialized MultithreadedTaskDispatcher with 12 workers.
 -> (artifact id: 'f38370abbcd5e9d5d0d11aecaf801238') in 0.026932 seconds
Number of updated asset objects reloaded before import = 0
Number of asset objects unloaded after import = 3
========================================================================
Received Import Request.
  Time since last request: 0.000015 seconds.
  path: Assets/Prefab/Tiles/Wire3Prefab.prefab
  artifactKey: Guid(c893311226a489c4aa012bd619497618) Importer(2089858483,0ecaa5967403d082aa24f35e1b516d23)
Start importing Assets/Prefab/Tiles/Wire3Prefab.prefab using Guid(c893311226a489c4aa012bd619497618) Importer(2089858483,0ecaa5967403d082aa24f35e1b516d23) [PhysX] Initialized MultithreadedTaskDispatcher with 12 workers.
 -> (artifact id: '0f837bc957ad6fad44dc81b827fe0e45') in 0.032033 seconds
Number of updated asset objects reloaded before import = 0
Number of asset objects unloaded after import = 11
========================================================================
Received Import Request.
  Time since last request: 0.000015 seconds.
  path: Assets/Scripts/Savefiles/SaveLoad.cs
  artifactKey: Guid(03009f8ef9aa5e840a5abc3c37fd7dca) Importer(2089858483,0ecaa5967403d082aa24f35e1b516d23)
Start importing Assets/Scripts/Savefiles/SaveLoad.cs using Guid(03009f8ef9aa5e840a5abc3c37fd7dca) Importer(2089858483,0ecaa5967403d082aa24f35e1b516d23) [PhysX] Initialized MultithreadedTaskDispatcher with 12 workers.
 -> (artifact id: '28f8df4e1c72de5ce71757d5674e0e23') in 0.007649 seconds
Number of updated asset objects reloaded before import = 0
Number of asset objects unloaded after import = 1
========================================================================
Received Import Request.
  Time since last request: 0.000016 seconds.
  path: Assets/Prefab/FloorTilePrefab.prefab
  artifactKey: Guid(9f7addef2da6c984e982b720b1e946b6) Importer(2089858483,0ecaa5967403d082aa24f35e1b516d23)
Start importing Assets/Prefab/FloorTilePrefab.prefab using Guid(9f7addef2da6c984e982b720b1e946b6) Importer(2089858483,0ecaa5967403d082aa24f35e1b516d23) [PhysX] Initialized MultithreadedTaskDispatcher with 12 workers.
 -> (artifact id: '215584d03f16b0905b8af069c550bdee') in 0.021357 seconds
Number of updated asset objects reloaded before import = 0
Number of asset objects unloaded after import = 9
========================================================================
Received Import Request.
  Time since last request: 0.000016 seconds.
  path: Assets/Art/UI/Border/Puzzle/Objective1.png
  artifactKey: Guid(1c141730a6762b0428a6dff3902d0f06) Importer(2089858483,0ecaa5967403d082aa24f35e1b516d23)
Start importing Assets/Art/UI/Border/Puzzle/Objective1.png using Guid(1c141730a6762b0428a6dff3902d0f06) Importer(2089858483,0ecaa5967403d082aa24f35e1b516d23) [PhysX] Initialized MultithreadedTaskDispatcher with 12 workers.
 -> (artifact id: 'a35ad1b44becf3853ba20f75db6e9b0c') in 0.023937 seconds
Number of updated asset objects reloaded before import = 0
Number of asset objects unloaded after import = 3
========================================================================
Received Import Request.
  Time since last request: 0.000018 seconds.
  path: Assets/Art/UI/Border/Puzzle/ArrowDown.png
  artifactKey: Guid(f34f351cf7fbf1b49b657434512ee336) Importer(2089858483,0ecaa5967403d082aa24f35e1b516d23)
Start importing Assets/Art/UI/Border/Puzzle/ArrowDown.png using Guid(f34f351cf7fbf1b49b657434512ee336) Importer(2089858483,0ecaa5967403d082aa24f35e1b516d23) [PhysX] Initialized MultithreadedTaskDispatcher with 12 workers.
 -> (artifact id: '812665be68bb1280036f5eb1bf4c60e5') in 0.025329 seconds
Number of updated asset objects reloaded before import = 0
Number of asset objects unloaded after import = 3
========================================================================
Received Import Request.
  Time since last request: 0.000019 seconds.
  path: Assets/Art/UI/Border/Comp/Comp_title 2.png
  artifactKey: Guid(ca8e32cf26587de4cbaea61d5330fd9f) Importer(2089858483,0ecaa5967403d082aa24f35e1b516d23)
Start importing Assets/Art/UI/Border/Comp/Comp_title 2.png using Guid(ca8e32cf26587de4cbaea61d5330fd9f) Importer(2089858483,0ecaa5967403d082aa24f35e1b516d23) [PhysX] Initialized MultithreadedTaskDispatcher with 12 workers.
 -> (artifact id: 'a853edf64898c5afd14b6a721f0e2af7') in 0.023686 seconds
Number of updated asset objects reloaded before import = 0
Number of asset objects unloaded after import = 3
========================================================================
Received Import Request.
  Time since last request: 0.000021 seconds.
  path: Assets/Art/UI/Border/Comp/Comp.png
  artifactKey: Guid(408e9bc4b858b84428dcd1bd3d8052af) Importer(2089858483,0ecaa5967403d082aa24f35e1b516d23)
Start importing Assets/Art/UI/Border/Comp/Comp.png using Guid(408e9bc4b858b84428dcd1bd3d8052af) Importer(2089858483,0ecaa5967403d082aa24f35e1b516d23) [PhysX] Initialized MultithreadedTaskDispatcher with 12 workers.
 -> (artifact id: 'f52168faa6176c8487ce01e981f10eaf') in 0.023069 seconds
Number of updated asset objects reloaded before import = 0
Number of asset objects unloaded after import = 3
========================================================================
Received Import Request.
  Time since last request: 0.000018 seconds.
  path: Assets/Art/UI/Border/Puzzle/BackToMenu_hover.png
  artifactKey: Guid(042d67f56a43a9a489c3d1141170f3a3) Importer(2089858483,0ecaa5967403d082aa24f35e1b516d23)
Start importing Assets/Art/UI/Border/Puzzle/BackToMenu_hover.png using Guid(042d67f56a43a9a489c3d1141170f3a3) Importer(2089858483,0ecaa5967403d082aa24f35e1b516d23) [PhysX] Initialized MultithreadedTaskDispatcher with 12 workers.
 -> (artifact id: '35d582410eaeb0f23173abfed57d56c3') in 0.023742 seconds
Number of updated asset objects reloaded before import = 0
Number of asset objects unloaded after import = 3
========================================================================
Received Import Request.
  Time since last request: 0.000023 seconds.
  path: Assets/Art/UI/Border/Puzzle/ArrowRight.png
  artifactKey: Guid(6cf34b4985090da43a1504797bcc4919) Importer(2089858483,0ecaa5967403d082aa24f35e1b516d23)
Start importing Assets/Art/UI/Border/Puzzle/ArrowRight.png using Guid(6cf34b4985090da43a1504797bcc4919) Importer(2089858483,0ecaa5967403d082aa24f35e1b516d23) [PhysX] Initialized MultithreadedTaskDispatcher with 12 workers.
 -> (artifact id: 'dd622d308d865c402095d51fc54f227b') in 0.024094 seconds
Number of updated asset objects reloaded before import = 0
Number of asset objects unloaded after import = 3
========================================================================
Received Import Request.
  Time since last request: 0.000021 seconds.
  path: Assets/Scripts/UI/Menu/HoverTipMenu.cs
  artifactKey: Guid(4eda240eb5a696f44a8d64909e419070) Importer(2089858483,0ecaa5967403d082aa24f35e1b516d23)
Start importing Assets/Scripts/UI/Menu/HoverTipMenu.cs using Guid(4eda240eb5a696f44a8d64909e419070) Importer(2089858483,0ecaa5967403d082aa24f35e1b516d23) [PhysX] Initialized MultithreadedTaskDispatcher with 12 workers.
 -> (artifact id: '01ee8a1b4b280ba26c9f447dadb1fe5d') in 0.007963 seconds
Number of updated asset objects reloaded before import = 0
Number of asset objects unloaded after import = 1
========================================================================
Received Import Request.
  Time since last request: 0.000020 seconds.
  path: Assets/Art/UI/Border/Puzzle/Objective2.png
  artifactKey: Guid(a183657b5602cde4d9c36b9f0c59a6f4) Importer(2089858483,0ecaa5967403d082aa24f35e1b516d23)
Start importing Assets/Art/UI/Border/Puzzle/Objective2.png using Guid(a183657b5602cde4d9c36b9f0c59a6f4) Importer(2089858483,0ecaa5967403d082aa24f35e1b516d23) [PhysX] Initialized MultithreadedTaskDispatcher with 12 workers.
 -> (artifact id: '68d0c74c9a4946aea70d027c39302ff1') in 0.023308 seconds
Number of updated asset objects reloaded before import = 0
Number of asset objects unloaded after import = 3
========================================================================
Received Import Request.
  Time since last request: 0.000020 seconds.
  path: Assets/Standard Assets/Effects/Projectors/Guidelines.txt
  artifactKey: Guid(b238cc13e9896f04eb5e06978d2b393e) Importer(2089858483,0ecaa5967403d082aa24f35e1b516d23)
Start importing Assets/Standard Assets/Effects/Projectors/Guidelines.txt using Guid(b238cc13e9896f04eb5e06978d2b393e) Importer(2089858483,0ecaa5967403d082aa24f35e1b516d23) [PhysX] Initialized MultithreadedTaskDispatcher with 12 workers.
 -> (artifact id: '917b9a4150e97a1353713462aeedba3c') in 0.007667 seconds
Number of updated asset objects reloaded before import = 0
Number of asset objects unloaded after import = 1
========================================================================
Received Import Request.
  Time since last request: 0.000018 seconds.
  path: Assets/Standard Assets/Effects/ImageEffects/Readme.txt
  artifactKey: Guid(cb7c1a8482a67664e95e13c16daf3adf) Importer(2089858483,0ecaa5967403d082aa24f35e1b516d23)
Start importing Assets/Standard Assets/Effects/ImageEffects/Readme.txt using Guid(cb7c1a8482a67664e95e13c16daf3adf) Importer(2089858483,0ecaa5967403d082aa24f35e1b516d23) [PhysX] Initialized MultithreadedTaskDispatcher with 12 workers.
 -> (artifact id: 'ed4c2350f984defa847f1bd960e22f49') in 0.007057 seconds
Number of updated asset objects reloaded before import = 0
Number of asset objects unloaded after import = 1
========================================================================
Received Import Request.
  Time since last request: 0.000014 seconds.
  path: Assets/Art/UI/Border/Puzzle/Play_hover2.png
  artifactKey: Guid(6860b4f0bd8dbf94b98332192b4c58aa) Importer(2089858483,0ecaa5967403d082aa24f35e1b516d23)
Start importing Assets/Art/UI/Border/Puzzle/Play_hover2.png using Guid(6860b4f0bd8dbf94b98332192b4c58aa) Importer(2089858483,0ecaa5967403d082aa24f35e1b516d23) [PhysX] Initialized MultithreadedTaskDispatcher with 12 workers.
 -> (artifact id: '51df2f8df71c557739523a24098a3181') in 0.024639 seconds
Number of updated asset objects reloaded before import = 0
Number of asset objects unloaded after import = 3
========================================================================
Received Import Request.
  Time since last request: 0.000020 seconds.
  path: Assets/Art/UI/Border/Puzzle/Play.png
  artifactKey: Guid(89f7a34501bbeb444aa8c36fad3f7efc) Importer(2089858483,0ecaa5967403d082aa24f35e1b516d23)
Start importing Assets/Art/UI/Border/Puzzle/Play.png using Guid(89f7a34501bbeb444aa8c36fad3f7efc) Importer(2089858483,0ecaa5967403d082aa24f35e1b516d23) [PhysX] Initialized MultithreadedTaskDispatcher with 12 workers.
 -> (artifact id: 'e4126d8c2a83229512b4889768100977') in 0.023870 seconds
Number of updated asset objects reloaded before import = 0
Number of asset objects unloaded after import = 3
========================================================================
Received Import Request.
  Time since last request: 0.000014 seconds.
  path: Assets/Art/UI/Border/Puzzle/Retry_hover.png
  artifactKey: Guid(02862dfd8d6e5f04bb118a81ed751e1e) Importer(2089858483,0ecaa5967403d082aa24f35e1b516d23)
Start importing Assets/Art/UI/Border/Puzzle/Retry_hover.png using Guid(02862dfd8d6e5f04bb118a81ed751e1e) Importer(2089858483,0ecaa5967403d082aa24f35e1b516d23) [PhysX] Initialized MultithreadedTaskDispatcher with 12 workers.
 -> (artifact id: 'fb54218cea02dd169d9dc6ac320026ff') in 0.024387 seconds
Number of updated asset objects reloaded before import = 0
Number of asset objects unloaded after import = 3
========================================================================
Received Import Request.
  Time since last request: 0.000015 seconds.
  path: Assets/Scripts/UI/WorldOptions/WorldOptionsController.cs
  artifactKey: Guid(0b71b6780b674f94e89d2f47191f56bf) Importer(2089858483,0ecaa5967403d082aa24f35e1b516d23)
Start importing Assets/Scripts/UI/WorldOptions/WorldOptionsController.cs using Guid(0b71b6780b674f94e89d2f47191f56bf) Importer(2089858483,0ecaa5967403d082aa24f35e1b516d23) [PhysX] Initialized MultithreadedTaskDispatcher with 12 workers.
 -> (artifact id: '5e300bdfee23b1ff04414c3150814402') in 0.007543 seconds
Number of updated asset objects reloaded before import = 0
Number of asset objects unloaded after import = 1
========================================================================
Received Import Request.
  Time since last request: 0.000016 seconds.
  path: Assets/Art/UI/Border/Comp/CompOverlay_hover.png
  artifactKey: Guid(4e1b95115e688f14eadcca271765ba73) Importer(2089858483,0ecaa5967403d082aa24f35e1b516d23)
Start importing Assets/Art/UI/Border/Comp/CompOverlay_hover.png using Guid(4e1b95115e688f14eadcca271765ba73) Importer(2089858483,0ecaa5967403d082aa24f35e1b516d23) [PhysX] Initialized MultithreadedTaskDispatcher with 12 workers.
 -> (artifact id: '8d2b0be1e5b6069c3bfc81120d36982d') in 0.024415 seconds
Number of updated asset objects reloaded before import = 0
Number of asset objects unloaded after import = 3
========================================================================
Received Import Request.
  Time since last request: 0.000018 seconds.
  path: Assets/Art/UI/Border/Comp/Create_hover.png
  artifactKey: Guid(18e6140bcd7cbda4da22eec71ed15642) Importer(2089858483,0ecaa5967403d082aa24f35e1b516d23)
Start importing Assets/Art/UI/Border/Comp/Create_hover.png using Guid(18e6140bcd7cbda4da22eec71ed15642) Importer(2089858483,0ecaa5967403d082aa24f35e1b516d23) [PhysX] Initialized MultithreadedTaskDispatcher with 12 workers.
 -> (artifact id: 'c3a93ed2a5566e8937ea372a0a115272') in 0.024469 seconds
Number of updated asset objects reloaded before import = 0
Number of asset objects unloaded after import = 3
========================================================================
Received Import Request.
  Time since last request: 0.000018 seconds.
  path: Assets/Art/UI/Border/Puzzle/Step3.png
  artifactKey: Guid(509f897bea187344ba71cc0da1ba34c8) Importer(2089858483,0ecaa5967403d082aa24f35e1b516d23)
Start importing Assets/Art/UI/Border/Puzzle/Step3.png using Guid(509f897bea187344ba71cc0da1ba34c8) Importer(2089858483,0ecaa5967403d082aa24f35e1b516d23) [PhysX] Initialized MultithreadedTaskDispatcher with 12 workers.
 -> (artifact id: '502e09b85ea8a1ddf76751da1551f570') in 0.024646 seconds
Number of updated asset objects reloaded before import = 0
Number of asset objects unloaded after import = 3
========================================================================
Received Import Request.
  Time since last request: 0.000025 seconds.
  path: Assets/Art/UI/Border/Comp/Comp_hover2.png
  artifactKey: Guid(7283388909252494ea9f063f06583c9d) Importer(2089858483,0ecaa5967403d082aa24f35e1b516d23)
Start importing Assets/Art/UI/Border/Comp/Comp_hover2.png using Guid(7283388909252494ea9f063f06583c9d) Importer(2089858483,0ecaa5967403d082aa24f35e1b516d23) [PhysX] Initialized MultithreadedTaskDispatcher with 12 workers.
 -> (artifact id: 'c4ee4f4281e67b71eb8ad9b1d1c5c735') in 0.029484 seconds
Number of updated asset objects reloaded before import = 0
Number of asset objects unloaded after import = 3
========================================================================
Received Import Request.
  Time since last request: 0.000021 seconds.
  path: Assets/Scripts/UI/Options/AudioOptionsController.cs
  artifactKey: Guid(fac59793dd687de48b04302c105e34b6) Importer(2089858483,0ecaa5967403d082aa24f35e1b516d23)
Start importing Assets/Scripts/UI/Options/AudioOptionsController.cs using Guid(fac59793dd687de48b04302c105e34b6) Importer(2089858483,0ecaa5967403d082aa24f35e1b516d23) [PhysX] Initialized MultithreadedTaskDispatcher with 12 workers.
 -> (artifact id: 'f7df76bd0c7a2d7632906cf9ac40920e') in 0.007071 seconds
Number of updated asset objects reloaded before import = 0
Number of asset objects unloaded after import = 1
========================================================================
Received Import Request.
  Time since last request: 0.000020 seconds.
  path: Assets/Art/UI/Border/Puzzle/ProblemSolved2.png
  artifactKey: Guid(84e2040fe6fde574b9800125d6724ce0) Importer(2089858483,0ecaa5967403d082aa24f35e1b516d23)
Start importing Assets/Art/UI/Border/Puzzle/ProblemSolved2.png using Guid(84e2040fe6fde574b9800125d6724ce0) Importer(2089858483,0ecaa5967403d082aa24f35e1b516d23) [PhysX] Initialized MultithreadedTaskDispatcher with 12 workers.
 -> (artifact id: 'debe94b357d441080252f5e8252d613e') in 0.024549 seconds
Number of updated asset objects reloaded before import = 0
Number of asset objects unloaded after import = 3
========================================================================
Received Import Request.
  Time since last request: 0.000015 seconds.
  path: Assets/Art/UI/Border/Puzzle/NextPuzzle.png
  artifactKey: Guid(b10ef181014dd84429560e00976a4815) Importer(2089858483,0ecaa5967403d082aa24f35e1b516d23)
Start importing Assets/Art/UI/Border/Puzzle/NextPuzzle.png using Guid(b10ef181014dd84429560e00976a4815) Importer(2089858483,0ecaa5967403d082aa24f35e1b516d23) [PhysX] Initialized MultithreadedTaskDispatcher with 12 workers.
 -> (artifact id: '55b43b114dd178e82154f635b13d0619') in 0.023394 seconds
Number of updated asset objects reloaded before import = 0
Number of asset objects unloaded after import = 3
========================================================================
Received Import Request.
  Time since last request: 0.000017 seconds.
  path: Assets/Art/UI/Border/Puzzle/info.png
  artifactKey: Guid(9fccc0e5f8257c54884659a29681b686) Importer(2089858483,0ecaa5967403d082aa24f35e1b516d23)
Start importing Assets/Art/UI/Border/Puzzle/info.png using Guid(9fccc0e5f8257c54884659a29681b686) Importer(2089858483,0ecaa5967403d082aa24f35e1b516d23) [PhysX] Initialized MultithreadedTaskDispatcher with 12 workers.
 -> (artifact id: 'd3a720f15019552813367e50b8d27bb5') in 0.024737 seconds
Number of updated asset objects reloaded before import = 0
Number of asset objects unloaded after import = 3
========================================================================
Received Import Request.
  Time since last request: 0.000013 seconds.
  path: Assets/Scripts/UI/WorldOptions/MiscController.cs
  artifactKey: Guid(b345c4d12df6a364fb097a16cf12a212) Importer(2089858483,0ecaa5967403d082aa24f35e1b516d23)
Start importing Assets/Scripts/UI/WorldOptions/MiscController.cs using Guid(b345c4d12df6a364fb097a16cf12a212) Importer(2089858483,0ecaa5967403d082aa24f35e1b516d23) [PhysX] Initialized MultithreadedTaskDispatcher with 12 workers.
 -> (artifact id: '34315b4f6c941c327cb8bf2a8e22f05e') in 0.007787 seconds
Number of updated asset objects reloaded before import = 0
Number of asset objects unloaded after import = 1
========================================================================
Received Import Request.
  Time since last request: 0.000025 seconds.
  path: Assets/Scripts/UI/WorldOptions/ExpandController.cs
  artifactKey: Guid(d6c78c8a7dc4fc14a9ad1fadcbbec28d) Importer(2089858483,0ecaa5967403d082aa24f35e1b516d23)
Start importing Assets/Scripts/UI/WorldOptions/ExpandController.cs using Guid(d6c78c8a7dc4fc14a9ad1fadcbbec28d) Importer(2089858483,0ecaa5967403d082aa24f35e1b516d23) [PhysX] Initialized MultithreadedTaskDispatcher with 12 workers.
 -> (artifact id: 'f2a3efe7c0a390f30381734054adfc35') in 0.009298 seconds
Number of updated asset objects reloaded before import = 0
Number of asset objects unloaded after import = 1
========================================================================
Received Import Request.
  Time since last request: 0.000019 seconds.
  path: Assets/Scripts/UI/WorldOptions/StatsItemController.cs
  artifactKey: Guid(a0a99e9a380a7ba4c96fea7a435f3167) Importer(2089858483,0ecaa5967403d082aa24f35e1b516d23)
Start importing Assets/Scripts/UI/WorldOptions/StatsItemController.cs using Guid(a0a99e9a380a7ba4c96fea7a435f3167) Importer(2089858483,0ecaa5967403d082aa24f35e1b516d23) [PhysX] Initialized MultithreadedTaskDispatcher with 12 workers.
 -> (artifact id: 'a3387693df36b7fad6a05a7ba8c1d317') in 0.007182 seconds
Number of updated asset objects reloaded before import = 0
Number of asset objects unloaded after import = 1
========================================================================
Received Import Request.
  Time since last request: 0.000014 seconds.
  path: Assets/Scripts/UI/Menu/MenuButtonController.cs
  artifactKey: Guid(11619c885821a2a4fbf2e00ac8f9ae87) Importer(2089858483,0ecaa5967403d082aa24f35e1b516d23)
Start importing Assets/Scripts/UI/Menu/MenuButtonController.cs using Guid(11619c885821a2a4fbf2e00ac8f9ae87) Importer(2089858483,0ecaa5967403d082aa24f35e1b516d23) [PhysX] Initialized MultithreadedTaskDispatcher with 12 workers.
 -> (artifact id: '05d5de4dd6559a6f100b6a10e1cc66a9') in 0.006739 seconds
Number of updated asset objects reloaded before import = 0
Number of asset objects unloaded after import = 1
========================================================================
Received Import Request.
  Time since last request: 0.000016 seconds.
  path: Assets/Art/UI/Border/System/ExitDesktop.png
  artifactKey: Guid(d71460e8e500818428a7ae16e858e7bd) Importer(2089858483,0ecaa5967403d082aa24f35e1b516d23)
Start importing Assets/Art/UI/Border/System/ExitDesktop.png using Guid(d71460e8e500818428a7ae16e858e7bd) Importer(2089858483,0ecaa5967403d082aa24f35e1b516d23) [PhysX] Initialized MultithreadedTaskDispatcher with 12 workers.
 -> (artifact id: '3722b15cb8ff1ec9ebd95f7b88e47cbb') in 0.024475 seconds
Number of updated asset objects reloaded before import = 0
Number of asset objects unloaded after import = 3
========================================================================
Received Import Request.
  Time since last request: 0.000018 seconds.
  path: Assets/Art/UI/Menu/Puzzle/PuzzleNextWorld_disabled.png
  artifactKey: Guid(2457042408aa18f4fa20cf8d9d43d549) Importer(2089858483,0ecaa5967403d082aa24f35e1b516d23)
Start importing Assets/Art/UI/Menu/Puzzle/PuzzleNextWorld_disabled.png using Guid(2457042408aa18f4fa20cf8d9d43d549) Importer(2089858483,0ecaa5967403d082aa24f35e1b516d23) [PhysX] Initialized MultithreadedTaskDispatcher with 12 workers.
 -> (artifact id: '2e1b43457319b2f4392119c322bc9d89') in 0.026196 seconds
Number of updated asset objects reloaded before import = 0
Number of asset objects unloaded after import = 3
========================================================================
Received Import Request.
  Time since last request: 0.000021 seconds.
  path: Assets/Art/UI/Menu/Sandbox/mCreate.png
  artifactKey: Guid(2ee38f1fbada14f449f847a470b937ba) Importer(2089858483,0ecaa5967403d082aa24f35e1b516d23)
Start importing Assets/Art/UI/Menu/Sandbox/mCreate.png using Guid(2ee38f1fbada14f449f847a470b937ba) Importer(2089858483,0ecaa5967403d082aa24f35e1b516d23) [PhysX] Initialized MultithreadedTaskDispatcher with 12 workers.
 -> (artifact id: '486f320ed347817961341a6df6ab805e') in 0.023827 seconds
Number of updated asset objects reloaded before import = 0
Number of asset objects unloaded after import = 3
========================================================================
Received Import Request.
  Time since last request: 0.000018 seconds.
  path: Assets/Art/UI/Border/System/ExitDesktop_hover.png
  artifactKey: Guid(a759f28cd42ae8645809636f3680d41a) Importer(2089858483,0ecaa5967403d082aa24f35e1b516d23)
Start importing Assets/Art/UI/Border/System/ExitDesktop_hover.png using Guid(a759f28cd42ae8645809636f3680d41a) Importer(2089858483,0ecaa5967403d082aa24f35e1b516d23) [PhysX] Initialized MultithreadedTaskDispatcher with 12 workers.
 -> (artifact id: 'bc0e5bf497e1cfe30eed82b90172987e') in 0.024719 seconds
Number of updated asset objects reloaded before import = 0
Number of asset objects unloaded after import = 3
========================================================================
Received Import Request.
  Time since last request: 0.000019 seconds.
  path: Assets/Art/UI/Border/System/Options3_hover2.png
  artifactKey: Guid(2738083d21e9b974db280f0dc86f2396) Importer(2089858483,0ecaa5967403d082aa24f35e1b516d23)
Start importing Assets/Art/UI/Border/System/Options3_hover2.png using Guid(2738083d21e9b974db280f0dc86f2396) Importer(2089858483,0ecaa5967403d082aa24f35e1b516d23) [PhysX] Initialized MultithreadedTaskDispatcher with 12 workers.
 -> (artifact id: 'caf23d538f7d7a1b7f93ee7b36c81ecf') in 0.024410 seconds
Number of updated asset objects reloaded before import = 0
Number of asset objects unloaded after import = 3
========================================================================
Received Import Request.
  Time since last request: 0.000035 seconds.
  path: Assets/Art/UI/Border/System/Options3-2.png
  artifactKey: Guid(024214d347635404faf90f422bed14a2) Importer(2089858483,0ecaa5967403d082aa24f35e1b516d23)
Start importing Assets/Art/UI/Border/System/Options3-2.png using Guid(024214d347635404faf90f422bed14a2) Importer(2089858483,0ecaa5967403d082aa24f35e1b516d23) [PhysX] Initialized MultithreadedTaskDispatcher with 12 workers.
 -> (artifact id: '0750995378c218c4cdf8c5ae7093e53a') in 0.024720 seconds
Number of updated asset objects reloaded before import = 0
Number of asset objects unloaded after import = 3
========================================================================
Received Import Request.
  Time since last request: 0.000015 seconds.
  path: Assets/Art/UI/Border/System/Exit_hover2.png
  artifactKey: Guid(d114fa122c95ce84fb814e3a3f077418) Importer(2089858483,0ecaa5967403d082aa24f35e1b516d23)
Start importing Assets/Art/UI/Border/System/Exit_hover2.png using Guid(d114fa122c95ce84fb814e3a3f077418) Importer(2089858483,0ecaa5967403d082aa24f35e1b516d23) [PhysX] Initialized MultithreadedTaskDispatcher with 12 workers.
 -> (artifact id: 'fc915cd4de315164f609a3ab45773292') in 0.026442 seconds
Number of updated asset objects reloaded before import = 0
Number of asset objects unloaded after import = 3
========================================================================
Received Import Request.
  Time since last request: 0.000017 seconds.
  path: Assets/Art/UI/Menu/Puzzle/PuzzleBackWorld.png
  artifactKey: Guid(f993ff9f7e0c00140bb192d10addcb77) Importer(2089858483,0ecaa5967403d082aa24f35e1b516d23)
Start importing Assets/Art/UI/Menu/Puzzle/PuzzleBackWorld.png using Guid(f993ff9f7e0c00140bb192d10addcb77) Importer(2089858483,0ecaa5967403d082aa24f35e1b516d23) [PhysX] Initialized MultithreadedTaskDispatcher with 12 workers.
 -> (artifact id: '6f4be871bb1df9ab42de89c1de8cf43f') in 0.025977 seconds
Number of updated asset objects reloaded before import = 0
Number of asset objects unloaded after import = 3
========================================================================
Received Import Request.
  Time since last request: 0.000016 seconds.
  path: Assets/Art/UI/Border/Puzzle/TruthTable_hover.png
  artifactKey: Guid(9a823c56a49441047b1cb80ef29f9c39) Importer(2089858483,0ecaa5967403d082aa24f35e1b516d23)
Start importing Assets/Art/UI/Border/Puzzle/TruthTable_hover.png using Guid(9a823c56a49441047b1cb80ef29f9c39) Importer(2089858483,0ecaa5967403d082aa24f35e1b516d23) [PhysX] Initialized MultithreadedTaskDispatcher with 12 workers.
 -> (artifact id: '671313f2cb3633f6d35511f9ef8d7ddd') in 0.025152 seconds
Number of updated asset objects reloaded before import = 0
Number of asset objects unloaded after import = 3
========================================================================
Received Import Request.
  Time since last request: 0.000025 seconds.
  path: Assets/Art/UI/Menu/Puzzle/PuzzleBackWorld_disabled.png
  artifactKey: Guid(142636731927778419f0f3bf7a6aa0f6) Importer(2089858483,0ecaa5967403d082aa24f35e1b516d23)
Start importing Assets/Art/UI/Menu/Puzzle/PuzzleBackWorld_disabled.png using Guid(142636731927778419f0f3bf7a6aa0f6) Importer(2089858483,0ecaa5967403d082aa24f35e1b516d23) [PhysX] Initialized MultithreadedTaskDispatcher with 12 workers.
 -> (artifact id: '3cfd4f348521f26b793e47b260b524fb') in 0.026586 seconds
Number of updated asset objects reloaded before import = 0
Number of asset objects unloaded after import = 3
========================================================================
Received Import Request.
  Time since last request: 0.000016 seconds.
  path: Assets/Art/UI/Border/System/Options3_hover2-2.png
  artifactKey: Guid(74792a6706ee756468187d9ba0a4a65f) Importer(2089858483,0ecaa5967403d082aa24f35e1b516d23)
Start importing Assets/Art/UI/Border/System/Options3_hover2-2.png using Guid(74792a6706ee756468187d9ba0a4a65f) Importer(2089858483,0ecaa5967403d082aa24f35e1b516d23) [PhysX] Initialized MultithreadedTaskDispatcher with 12 workers.
 -> (artifact id: 'e909774b1f313ad6664b221234f62acd') in 0.023570 seconds
Number of updated asset objects reloaded before import = 0
Number of asset objects unloaded after import = 3
========================================================================
Received Import Request.
  Time since last request: 0.000017 seconds.
  path: Assets/Art/UI/Border/System/ExitMenu_hover.png
  artifactKey: Guid(eec991c0799fe9e4ba9d71e0ee868ce6) Importer(2089858483,0ecaa5967403d082aa24f35e1b516d23)
Start importing Assets/Art/UI/Border/System/ExitMenu_hover.png using Guid(eec991c0799fe9e4ba9d71e0ee868ce6) Importer(2089858483,0ecaa5967403d082aa24f35e1b516d23) [PhysX] Initialized MultithreadedTaskDispatcher with 12 workers.
 -> (artifact id: 'd2a24b86ebb94253d76e280a66b84810') in 0.023121 seconds
Number of updated asset objects reloaded before import = 0
Number of asset objects unloaded after import = 3
========================================================================
Received Import Request.
  Time since last request: 0.000016 seconds.
  path: Assets/Art/UI/Border/System/Exit.png
  artifactKey: Guid(94593058e5cc48f4d9bea50615eb763f) Importer(2089858483,0ecaa5967403d082aa24f35e1b516d23)
Start importing Assets/Art/UI/Border/System/Exit.png using Guid(94593058e5cc48f4d9bea50615eb763f) Importer(2089858483,0ecaa5967403d082aa24f35e1b516d23) [PhysX] Initialized MultithreadedTaskDispatcher with 12 workers.
 -> (artifact id: 'afe97f707bda0d3ff39f0fe188977d82') in 0.024703 seconds
Number of updated asset objects reloaded before import = 0
Number of asset objects unloaded after import = 3
========================================================================
Received Import Request.
  Time since last request: 0.000016 seconds.
  path: Assets/Art/UI/Border/Puzzle/TruthTable.png
  artifactKey: Guid(3e6d58f04692dcf40bfa02140b92bcb5) Importer(2089858483,0ecaa5967403d082aa24f35e1b516d23)
Start importing Assets/Art/UI/Border/Puzzle/TruthTable.png using Guid(3e6d58f04692dcf40bfa02140b92bcb5) Importer(2089858483,0ecaa5967403d082aa24f35e1b516d23) [PhysX] Initialized MultithreadedTaskDispatcher with 12 workers.
 -> (artifact id: '9ad1d324dae130380f8c80af213bd0b4') in 0.027490 seconds
Number of updated asset objects reloaded before import = 0
Number of asset objects unloaded after import = 3
========================================================================
Received Import Request.
  Time since last request: 0.000016 seconds.
  path: Assets/Art/UI/Menu/Sandbox/Delete.png
  artifactKey: Guid(57fdef9384135674e8d271e6baf05e42) Importer(2089858483,0ecaa5967403d082aa24f35e1b516d23)
Start importing Assets/Art/UI/Menu/Sandbox/Delete.png using Guid(57fdef9384135674e8d271e6baf05e42) Importer(2089858483,0ecaa5967403d082aa24f35e1b516d23) [PhysX] Initialized MultithreadedTaskDispatcher with 12 workers.
 -> (artifact id: 'f31f760ba3c7e13b4d29d4597d2d98f2') in 0.025265 seconds
Number of updated asset objects reloaded before import = 0
Number of asset objects unloaded after import = 3
========================================================================
Received Import Request.
  Time since last request: 0.000022 seconds.
  path: Assets/Art/UI/Border/System/ExitMenu.png
  artifactKey: Guid(1232b5ab913a4af41a8a166629f58d59) Importer(2089858483,0ecaa5967403d082aa24f35e1b516d23)
Start importing Assets/Art/UI/Border/System/ExitMenu.png using Guid(1232b5ab913a4af41a8a166629f58d59) Importer(2089858483,0ecaa5967403d082aa24f35e1b516d23) [PhysX] Initialized MultithreadedTaskDispatcher with 12 workers.
 -> (artifact id: '6aa3d625c23ee04960b6ac5e99d13ac1') in 0.022981 seconds
Number of updated asset objects reloaded before import = 0
Number of asset objects unloaded after import = 3
========================================================================
Received Import Request.
  Time since last request: 0.000014 seconds.
  path: Assets/Art/UI/Menu/Sandbox/Delete_disabled.png
  artifactKey: Guid(7d8511a811268e74fae4066dca11435f) Importer(2089858483,0ecaa5967403d082aa24f35e1b516d23)
Start importing Assets/Art/UI/Menu/Sandbox/Delete_disabled.png using Guid(7d8511a811268e74fae4066dca11435f) Importer(2089858483,0ecaa5967403d082aa24f35e1b516d23) [PhysX] Initialized MultithreadedTaskDispatcher with 12 workers.
 -> (artifact id: 'dd7dba4fbb0ebce9aafb21cd59f187c2') in 0.023864 seconds
Number of updated asset objects reloaded before import = 0
Number of asset objects unloaded after import = 3
========================================================================
Received Import Request.
  Time since last request: 0.000018 seconds.
  path: Assets/Art/UI/Border/System/Save2_hover2.png
  artifactKey: Guid(f8b767d939091584393cc0a955d12607) Importer(2089858483,0ecaa5967403d082aa24f35e1b516d23)
Start importing Assets/Art/UI/Border/System/Save2_hover2.png using Guid(f8b767d939091584393cc0a955d12607) Importer(2089858483,0ecaa5967403d082aa24f35e1b516d23) [PhysX] Initialized MultithreadedTaskDispatcher with 12 workers.
 -> (artifact id: '9dd402d9d6a9b65fb034cc032a99014e') in 0.022637 seconds
Number of updated asset objects reloaded before import = 0
Number of asset objects unloaded after import = 3
========================================================================
Received Import Request.
  Time since last request: 0.000014 seconds.
  path: Assets/Art/UI/Menu/Sandbox/mCreate_hover.png
  artifactKey: Guid(d4145920f026d204e8ee6612bce6edd1) Importer(2089858483,0ecaa5967403d082aa24f35e1b516d23)
Start importing Assets/Art/UI/Menu/Sandbox/mCreate_hover.png using Guid(d4145920f026d204e8ee6612bce6edd1) Importer(2089858483,0ecaa5967403d082aa24f35e1b516d23) [PhysX] Initialized MultithreadedTaskDispatcher with 12 workers.
 -> (artifact id: '61e38a48d32b1eaeed0d8fa8fae40cc4') in 0.024901 seconds
Number of updated asset objects reloaded before import = 0
Number of asset objects unloaded after import = 3
========================================================================
Received Import Request.
  Time since last request: 0.000014 seconds.
  path: Assets/Art/UI/Menu/Puzzle/PuzzleNextWorld.png
  artifactKey: Guid(9bb0eafbb4463434fa5237189019487d) Importer(2089858483,0ecaa5967403d082aa24f35e1b516d23)
Start importing Assets/Art/UI/Menu/Puzzle/PuzzleNextWorld.png using Guid(9bb0eafbb4463434fa5237189019487d) Importer(2089858483,0ecaa5967403d082aa24f35e1b516d23) [PhysX] Initialized MultithreadedTaskDispatcher with 12 workers.
 -> (artifact id: 'aecf46cb10b409dfbb1859bd6cd24eae') in 0.023073 seconds
Number of updated asset objects reloaded before import = 0
Number of asset objects unloaded after import = 3
========================================================================
Received Import Request.
  Time since last request: 0.000021 seconds.
  path: Assets/Standard Assets/Effects/LightFlares/Materials/Flare50mm.mat
  artifactKey: Guid(a6dbb96b9d112024d000e929e39e7c39) Importer(2089858483,0ecaa5967403d082aa24f35e1b516d23)
Start importing Assets/Standard Assets/Effects/LightFlares/Materials/Flare50mm.mat using Guid(a6dbb96b9d112024d000e929e39e7c39) Importer(2089858483,0ecaa5967403d082aa24f35e1b516d23) [PhysX] Initialized MultithreadedTaskDispatcher with 12 workers.
 -> (artifact id: '4bc052b0489b796609f8b06a5258168b') in 0.008849 seconds
Number of updated asset objects reloaded before import = 0
Number of asset objects unloaded after import = 2
========================================================================
Received Import Request.
  Time since last request: 0.000015 seconds.
  path: Assets/Standard Assets/Effects/ToonShading/Shaders/ToonLit.shader
  artifactKey: Guid(48dca5b99d113b8d11006bab44295342) Importer(2089858483,0ecaa5967403d082aa24f35e1b516d23)
Start importing Assets/Standard Assets/Effects/ToonShading/Shaders/ToonLit.shader using Guid(48dca5b99d113b8d11006bab44295342) Importer(2089858483,0ecaa5967403d082aa24f35e1b516d23) [PhysX] Initialized MultithreadedTaskDispatcher with 12 workers.
 -> (artifact id: '33d2f312e61a594a8210b6b780fdb4b5') in 0.009978 seconds
Number of updated asset objects reloaded before import = 0
Number of asset objects unloaded after import = 1
========================================================================
Received Import Request.
  Time since last request: 0.000017 seconds.
  path: Assets/Standard Assets/Effects/LightFlares/Flares/FlareSmall.flare
  artifactKey: Guid(9bdb18c49d114cb4300035184241aa39) Importer(2089858483,0ecaa5967403d082aa24f35e1b516d23)
Start importing Assets/Standard Assets/Effects/LightFlares/Flares/FlareSmall.flare using Guid(9bdb18c49d114cb4300035184241aa39) Importer(2089858483,0ecaa5967403d082aa24f35e1b516d23) [PhysX] Initialized MultithreadedTaskDispatcher with 12 workers.
 -> (artifact id: '1927d55e983fd2adc7e34d0a1a16e17d') in 0.007052 seconds
Number of updated asset objects reloaded before import = 0
Number of asset objects unloaded after import = 2
========================================================================
Received Import Request.
  Time since last request: 0.000016 seconds.
  path: Assets/Standard Assets/Effects/Projectors/Shaders/ProjectorLight.shader
  artifactKey: Guid(c0ace1ca4bc0718448acf798c93d52d9) Importer(2089858483,0ecaa5967403d082aa24f35e1b516d23)
Start importing Assets/Standard Assets/Effects/Projectors/Shaders/ProjectorLight.shader using Guid(c0ace1ca4bc0718448acf798c93d52d9) Importer(2089858483,0ecaa5967403d082aa24f35e1b516d23) [PhysX] Initialized MultithreadedTaskDispatcher with 12 workers.
 -> (artifact id: '07b4c5243161c00230eb6064bfbed6fc') in 0.006849 seconds
Number of updated asset objects reloaded before import = 0
Number of asset objects unloaded after import = 1
========================================================================
Received Import Request.
  Time since last request: 0.000021 seconds.
  path: Assets/Standard Assets/Effects/Projectors/Textures/Light.psd
  artifactKey: Guid(b1d7fee26e54cc3498f6267f072a45b9) Importer(2089858483,0ecaa5967403d082aa24f35e1b516d23)
Start importing Assets/Standard Assets/Effects/Projectors/Textures/Light.psd using Guid(b1d7fee26e54cc3498f6267f072a45b9) Importer(2089858483,0ecaa5967403d082aa24f35e1b516d23) [PhysX] Initialized MultithreadedTaskDispatcher with 12 workers.
 -> (artifact id: 'cb8d698ae5fbca60ddb4be1b396e0624') in 0.021465 seconds
Number of updated asset objects reloaded before import = 0
Number of asset objects unloaded after import = 1
========================================================================
Received Import Request.
  Time since last request: 0.000014 seconds.
  path: Assets/Standard Assets/Effects/Projectors/Prefabs/BlobShadowProjector.prefab
  artifactKey: Guid(28a5e79925e3ce04a82856c16a572cbe) Importer(2089858483,0ecaa5967403d082aa24f35e1b516d23)
Start importing Assets/Standard Assets/Effects/Projectors/Prefabs/BlobShadowProjector.prefab using Guid(28a5e79925e3ce04a82856c16a572cbe) Importer(2089858483,0ecaa5967403d082aa24f35e1b516d23) [PhysX] Initialized MultithreadedTaskDispatcher with 12 workers.
 -> (artifact id: '436cf5d4be6c1224d746d6f804fae36f') in 0.011886 seconds
Number of updated asset objects reloaded before import = 0
Number of asset objects unloaded after import = 6
========================================================================
Received Import Request.
  Time since last request: 0.000015 seconds.
  path: Assets/Standard Assets/Effects/LightCookies/Textures/LightSoftCookie.tif
  artifactKey: Guid(8caa437b19957a045866b84c6218a0db) Importer(2089858483,0ecaa5967403d082aa24f35e1b516d23)
Start importing Assets/Standard Assets/Effects/LightCookies/Textures/LightSoftCookie.tif using Guid(8caa437b19957a045866b84c6218a0db) Importer(2089858483,0ecaa5967403d082aa24f35e1b516d23) [PhysX] Initialized MultithreadedTaskDispatcher with 12 workers.
 -> (artifact id: 'a182a9b403175f4aabe3929f4d833f0f') in 0.021097 seconds
Number of updated asset objects reloaded before import = 0
Number of asset objects unloaded after import = 1
========================================================================
Received Import Request.
  Time since last request: 0.000022 seconds.
  path: Assets/Standard Assets/Effects/TessellationShaders/Materials/TesselatedBumpSpecularSmooth.mat
  artifactKey: Guid(06893cec523208643a91b7a393737700) Importer(2089858483,0ecaa5967403d082aa24f35e1b516d23)
Start importing Assets/Standard Assets/Effects/TessellationShaders/Materials/TesselatedBumpSpecularSmooth.mat using Guid(06893cec523208643a91b7a393737700) Importer(2089858483,0ecaa5967403d082aa24f35e1b516d23) [PhysX] Initialized MultithreadedTaskDispatcher with 12 workers.
 -> (artifact id: '87adf503b2185ad3fa23fb591ab0d607') in 0.008209 seconds
Number of updated asset objects reloaded before import = 0
Number of asset objects unloaded after import = 1
========================================================================
Received Import Request.
  Time since last request: 0.000024 seconds.
  path: Assets/Standard Assets/Effects/TessellationShaders/Shaders/BumpedSpecularDisplacement.shader
  artifactKey: Guid(0a4b0bce1e250a14bb534d70bce205fa) Importer(2089858483,0ecaa5967403d082aa24f35e1b516d23)
Start importing Assets/Standard Assets/Effects/TessellationShaders/Shaders/BumpedSpecularDisplacement.shader using Guid(0a4b0bce1e250a14bb534d70bce205fa) Importer(2089858483,0ecaa5967403d082aa24f35e1b516d23) [PhysX] Initialized MultithreadedTaskDispatcher with 12 workers.
 -> (artifact id: '639230bee6ecc87bcccd5d673d84ed78') in 0.008564 seconds
Number of updated asset objects reloaded before import = 0
Number of asset objects unloaded after import = 1
========================================================================
Received Import Request.
  Time since last request: 0.000019 seconds.
  path: Assets/Standard Assets/Effects/Projectors/Shaders/ProjectorMultiply.shader
  artifactKey: Guid(01a668cc78047034a8a0c5ca2d24c6f7) Importer(2089858483,0ecaa5967403d082aa24f35e1b516d23)
Start importing Assets/Standard Assets/Effects/Projectors/Shaders/ProjectorMultiply.shader using Guid(01a668cc78047034a8a0c5ca2d24c6f7) Importer(2089858483,0ecaa5967403d082aa24f35e1b516d23) [PhysX] Initialized MultithreadedTaskDispatcher with 12 workers.
 -> (artifact id: '13ecb522e5c4c0ece7f20c8114b17435') in 0.006613 seconds
Number of updated asset objects reloaded before import = 0
Number of asset objects unloaded after import = 1
========================================================================
Received Import Request.
  Time since last request: 0.000018 seconds.
  path: Assets/Standard Assets/Effects/LightFlares/Flares/50mmZoom.flare
  artifactKey: Guid(54fbbf098d116effa00081aba8ad6659) Importer(2089858483,0ecaa5967403d082aa24f35e1b516d23)
Start importing Assets/Standard Assets/Effects/LightFlares/Flares/50mmZoom.flare using Guid(54fbbf098d116effa00081aba8ad6659) Importer(2089858483,0ecaa5967403d082aa24f35e1b516d23) [PhysX] Initialized MultithreadedTaskDispatcher with 12 workers.
 -> (artifact id: '2e29f212e0b16adffbf06ebcf092cf35') in 0.007242 seconds
Number of updated asset objects reloaded before import = 0
Number of asset objects unloaded after import = 2
========================================================================
Received Import Request.
  Time since last request: 0.000020 seconds.
  path: Assets/Standard Assets/Effects/LightCookies/Textures/FlashlightIrregularCookie.tif
  artifactKey: Guid(641bb2dce818a8a499b537a1963889ac) Importer(2089858483,0ecaa5967403d082aa24f35e1b516d23)
Start importing Assets/Standard Assets/Effects/LightCookies/Textures/FlashlightIrregularCookie.tif using Guid(641bb2dce818a8a499b537a1963889ac) Importer(2089858483,0ecaa5967403d082aa24f35e1b516d23) [PhysX] Initialized MultithreadedTaskDispatcher with 12 workers.
 -> (artifact id: 'ed26a1deb748c396366d7d61f6b7e2b3') in 0.023020 seconds
Number of updated asset objects reloaded before import = 0
Number of asset objects unloaded after import = 1
========================================================================
Received Import Request.
  Time since last request: 0.000015 seconds.
  path: Assets/Standard Assets/Effects/TessellationShaders/Scenes/TessellationSample.unity
  artifactKey: Guid(31f6763de0920574092c8a69a66c717e) Importer(2089858483,0ecaa5967403d082aa24f35e1b516d23)
Start importing Assets/Standard Assets/Effects/TessellationShaders/Scenes/TessellationSample.unity using Guid(31f6763de0920574092c8a69a66c717e) Importer(2089858483,0ecaa5967403d082aa24f35e1b516d23) [PhysX] Initialized MultithreadedTaskDispatcher with 12 workers.
 -> (artifact id: '3775057bccf48f4f41d603997fc4342e') in 0.006150 seconds
Number of updated asset objects reloaded before import = 0
Number of asset objects unloaded after import = 1
========================================================================
Received Import Request.
  Time since last request: 0.000020 seconds.
  path: Assets/Standard Assets/Effects/GlassRefraction/Textures/GlassStainedNormals.tif
  artifactKey: Guid(4b8d081e9d114c7f1100f5ab44295342) Importer(2089858483,0ecaa5967403d082aa24f35e1b516d23)
Start importing Assets/Standard Assets/Effects/GlassRefraction/Textures/GlassStainedNormals.tif using Guid(4b8d081e9d114c7f1100f5ab44295342) Importer(2089858483,0ecaa5967403d082aa24f35e1b516d23) [PhysX] Initialized MultithreadedTaskDispatcher with 12 workers.
 -> (artifact id: 'e164438b6a665653d7ea0d3e6e01e474') in 0.022397 seconds
Number of updated asset objects reloaded before import = 0
Number of asset objects unloaded after import = 1
========================================================================
Received Import Request.
  Time since last request: 0.000016 seconds.
  path: Assets/Standard Assets/Effects/ToonShading/Shaders/ToonBasic.shader
  artifactKey: Guid(d84268709d11078d11005b9844295342) Importer(2089858483,0ecaa5967403d082aa24f35e1b516d23)
Start importing Assets/Standard Assets/Effects/ToonShading/Shaders/ToonBasic.shader using Guid(d84268709d11078d11005b9844295342) Importer(2089858483,0ecaa5967403d082aa24f35e1b516d23) [PhysX] Initialized MultithreadedTaskDispatcher with 12 workers.
 -> (artifact id: '92e9ab6fd5f8aa84ae12ae30c4374d7a') in 0.007247 seconds
Number of updated asset objects reloaded before import = 0
Number of asset objects unloaded after import = 1
========================================================================
Received Import Request.
  Time since last request: 0.000020 seconds.
  path: Assets/Standard Assets/Effects/Projectors/Materials/GridProjector.mat
  artifactKey: Guid(c7d1a73cf0f423947bae4e238665d9c5) Importer(2089858483,0ecaa5967403d082aa24f35e1b516d23)
Start importing Assets/Standard Assets/Effects/Projectors/Materials/GridProjector.mat using Guid(c7d1a73cf0f423947bae4e238665d9c5) Importer(2089858483,0ecaa5967403d082aa24f35e1b516d23) [PhysX] Initialized MultithreadedTaskDispatcher with 12 workers.
 -> (artifact id: '8cf9b6b34a3ae7a1753406c730819f2f') in 0.008164 seconds
Number of updated asset objects reloaded before import = 0
Number of asset objects unloaded after import = 2
========================================================================
Received Import Request.
  Time since last request: 0.000017 seconds.
  path: Assets/Standard Assets/Effects/Projectors/Materials/ShadowProjector.mat
  artifactKey: Guid(e30ff3588e719f34bbf0c66f22d97487) Importer(2089858483,0ecaa5967403d082aa24f35e1b516d23)
Start importing Assets/Standard Assets/Effects/Projectors/Materials/ShadowProjector.mat using Guid(e30ff3588e719f34bbf0c66f22d97487) Importer(2089858483,0ecaa5967403d082aa24f35e1b516d23) [PhysX] Initialized MultithreadedTaskDispatcher with 12 workers.
 -> (artifact id: '7ce84c4b6cf33ec16a85af393eb16710') in 0.008634 seconds
Number of updated asset objects reloaded before import = 0
Number of asset objects unloaded after import = 3
========================================================================
Received Import Request.
  Time since last request: 0.000015 seconds.
  path: Assets/Standard Assets/Effects/Projectors/Prefabs/GridProjector.prefab
  artifactKey: Guid(46b12845355544642bf8f9d0cb373af7) Importer(2089858483,0ecaa5967403d082aa24f35e1b516d23)
Start importing Assets/Standard Assets/Effects/Projectors/Prefabs/GridProjector.prefab using Guid(46b12845355544642bf8f9d0cb373af7) Importer(2089858483,0ecaa5967403d082aa24f35e1b516d23) [PhysX] Initialized MultithreadedTaskDispatcher with 12 workers.
 -> (artifact id: 'fd490fc1b8e10d8f932e875b05fcda26') in 0.011668 seconds
Number of updated asset objects reloaded before import = 0
Number of asset objects unloaded after import = 6
========================================================================
Received Import Request.
  Time since last request: 0.000016 seconds.
  path: Assets/Standard Assets/Effects/GlassRefraction/Materials/GlassRefractive.mat
  artifactKey: Guid(848918a99d11f25f110026ca44295342) Importer(2089858483,0ecaa5967403d082aa24f35e1b516d23)
Start importing Assets/Standard Assets/Effects/GlassRefraction/Materials/GlassRefractive.mat using Guid(848918a99d11f25f110026ca44295342) Importer(2089858483,0ecaa5967403d082aa24f35e1b516d23) [PhysX] Initialized MultithreadedTaskDispatcher with 12 workers.
 -> (artifact id: '8697256433d22d3012a67911b20009f8') in 0.011078 seconds
Number of updated asset objects reloaded before import = 0
Number of asset objects unloaded after import = 3
========================================================================
Received Import Request.
  Time since last request: 0.000015 seconds.
  path: Assets/Standard Assets/Effects/ToonShading/Materials/ToonBasicOutline.mat
  artifactKey: Guid(215977489d11178d11005b9844295342) Importer(2089858483,0ecaa5967403d082aa24f35e1b516d23)
Start importing Assets/Standard Assets/Effects/ToonShading/Materials/ToonBasicOutline.mat using Guid(215977489d11178d11005b9844295342) Importer(2089858483,0ecaa5967403d082aa24f35e1b516d23) [PhysX] Initialized MultithreadedTaskDispatcher with 12 workers.
 -> (artifact id: 'dd215fad65365cb64c8f5c588f19a268') in 0.038280 seconds
Number of updated asset objects reloaded before import = 0
Number of asset objects unloaded after import = 3
========================================================================
Received Import Request.
  Time since last request: 0.000015 seconds.
  path: Assets/Art/UI/Menu/Puzzle/PuzzlePick_hover.png
  artifactKey: Guid(f777ee6270bc85047876721b8c1c307b) Importer(2089858483,0ecaa5967403d082aa24f35e1b516d23)
Start importing Assets/Art/UI/Menu/Puzzle/PuzzlePick_hover.png using Guid(f777ee6270bc85047876721b8c1c307b) Importer(2089858483,0ecaa5967403d082aa24f35e1b516d23) [PhysX] Initialized MultithreadedTaskDispatcher with 12 workers.
 -> (artifact id: '949fdb906341a8ae2a383ee7798f43c1') in 0.025109 seconds
Number of updated asset objects reloaded before import = 0
Number of asset objects unloaded after import = 3
========================================================================
Received Import Request.
  Time since last request: 0.000017 seconds.
  path: Assets/Standard Assets/Effects/ToonShading/Materials/ToonBasic.mat
  artifactKey: Guid(84b9e1d19d11078d11005b9844295342) Importer(2089858483,0ecaa5967403d082aa24f35e1b516d23)
Start importing Assets/Standard Assets/Effects/ToonShading/Materials/ToonBasic.mat using Guid(84b9e1d19d11078d11005b9844295342) Importer(2089858483,0ecaa5967403d082aa24f35e1b516d23) [PhysX] Initialized MultithreadedTaskDispatcher with 12 workers.
 -> (artifact id: 'cd87470d403059682f69dd18e7e85fd9') in 0.009105 seconds
Number of updated asset objects reloaded before import = 0
Number of asset objects unloaded after import = 2
========================================================================
Received Import Request.
  Time since last request: 0.000019 seconds.
  path: Assets/Standard Assets/Effects/TessellationShaders/Materials/TesselatedBumpSpecular.mat
  artifactKey: Guid(a3384ef3e2313034f9016ad8a1f3999f) Importer(2089858483,0ecaa5967403d082aa24f35e1b516d23)
Start importing Assets/Standard Assets/Effects/TessellationShaders/Materials/TesselatedBumpSpecular.mat using Guid(a3384ef3e2313034f9016ad8a1f3999f) Importer(2089858483,0ecaa5967403d082aa24f35e1b516d23) [PhysX] Initialized MultithreadedTaskDispatcher with 12 workers.
 -> (artifact id: 'e57557d3f3186cffff4a4fc07d5b193a') in 0.009648 seconds
Number of updated asset objects reloaded before import = 0
Number of asset objects unloaded after import = 2
========================================================================
Received Import Request.
  Time since last request: 0.000022 seconds.
  path: Assets/Art/UI/Border/Puzzle/Objective1_hover.png
  artifactKey: Guid(7eca88303fa244d489c0c6707281857a) Importer(2089858483,0ecaa5967403d082aa24f35e1b516d23)
Start importing Assets/Art/UI/Border/Puzzle/Objective1_hover.png using Guid(7eca88303fa244d489c0c6707281857a) Importer(2089858483,0ecaa5967403d082aa24f35e1b516d23) [PhysX] Initialized MultithreadedTaskDispatcher with 12 workers.
 -> (artifact id: '9693ec4589375233a991beeb85641fe7') in 0.024781 seconds
Number of updated asset objects reloaded before import = 0
Number of asset objects unloaded after import = 3
========================================================================
Received Import Request.
  Time since last request: 0.000016 seconds.
  path: Assets/Art/UI/Menu/Puzzle/PuzzleBackWorld_hover.png
  artifactKey: Guid(535db2b6bd2a57f4a8eacf48597cfb0f) Importer(2089858483,0ecaa5967403d082aa24f35e1b516d23)
Start importing Assets/Art/UI/Menu/Puzzle/PuzzleBackWorld_hover.png using Guid(535db2b6bd2a57f4a8eacf48597cfb0f) Importer(2089858483,0ecaa5967403d082aa24f35e1b516d23) [PhysX] Initialized MultithreadedTaskDispatcher with 12 workers.
 -> (artifact id: '6bedf5ea17799cf25c75b02352993b26') in 0.023542 seconds
Number of updated asset objects reloaded before import = 0
Number of asset objects unloaded after import = 3
========================================================================
Received Import Request.
  Time since last request: 0.000015 seconds.
  path: Assets/StreamingAssets/Puzzles/puzzle1-3.json
  artifactKey: Guid(8577201fd3514a648836041c489a3571) Importer(2089858483,0ecaa5967403d082aa24f35e1b516d23)
Start importing Assets/StreamingAssets/Puzzles/puzzle1-3.json using Guid(8577201fd3514a648836041c489a3571) Importer(2089858483,0ecaa5967403d082aa24f35e1b516d23) [PhysX] Initialized MultithreadedTaskDispatcher with 12 workers.
 -> (artifact id: 'af393923398a2200e0ee4a3cf1ab3f7c') in 0.005480 seconds
Number of updated asset objects reloaded before import = 0
Number of asset objects unloaded after import = 1
========================================================================
Received Import Request.
  Time since last request: 0.000020 seconds.
  path: Assets/Art/UI/Border/System/Options3.png
  artifactKey: Guid(0ac84bfca9399794987fb1c6794bc4a2) Importer(2089858483,0ecaa5967403d082aa24f35e1b516d23)
Start importing Assets/Art/UI/Border/System/Options3.png using Guid(0ac84bfca9399794987fb1c6794bc4a2) Importer(2089858483,0ecaa5967403d082aa24f35e1b516d23) [PhysX] Initialized MultithreadedTaskDispatcher with 12 workers.
 -> (artifact id: '603d40ddb21a5a4b0bd9367634f50e23') in 0.033805 seconds
Number of updated asset objects reloaded before import = 0
Number of asset objects unloaded after import = 3
========================================================================
Received Import Request.
  Time since last request: 0.000017 seconds.
  path: Assets/Art/UI/Menu/Quit1.png
  artifactKey: Guid(f7fa0e7a68603da41a0ae3f523f1d0c4) Importer(2089858483,0ecaa5967403d082aa24f35e1b516d23)
Start importing Assets/Art/UI/Menu/Quit1.png using Guid(f7fa0e7a68603da41a0ae3f523f1d0c4) Importer(2089858483,0ecaa5967403d082aa24f35e1b516d23) [PhysX] Initialized MultithreadedTaskDispatcher with 12 workers.
 -> (artifact id: '69d04a46aa888f340f0683db074e6b20') in 0.022605 seconds
Number of updated asset objects reloaded before import = 0
Number of asset objects unloaded after import = 3
========================================================================
Received Import Request.
  Time since last request: 0.000018 seconds.
  path: Assets/Art/UI/Border/Comp/Create.png
  artifactKey: Guid(835180a30bd397049b3904a5dd7df3e8) Importer(2089858483,0ecaa5967403d082aa24f35e1b516d23)
Start importing Assets/Art/UI/Border/Comp/Create.png using Guid(835180a30bd397049b3904a5dd7df3e8) Importer(2089858483,0ecaa5967403d082aa24f35e1b516d23) [PhysX] Initialized MultithreadedTaskDispatcher with 12 workers.
 -> (artifact id: '26dd1a17a0863a0cb99c5fc27eecc3a7') in 0.028520 seconds
Number of updated asset objects reloaded before import = 0
Number of asset objects unloaded after import = 3
========================================================================
Received Import Request.
  Time since last request: 0.000016 seconds.
  path: Assets/Art/Tiles/Button_hover.png
  artifactKey: Guid(e09c2b175a7a59a44a664ff84b800165) Importer(2089858483,0ecaa5967403d082aa24f35e1b516d23)
Start importing Assets/Art/Tiles/Button_hover.png using Guid(e09c2b175a7a59a44a664ff84b800165) Importer(2089858483,0ecaa5967403d082aa24f35e1b516d23) [PhysX] Initialized MultithreadedTaskDispatcher with 12 workers.
 -> (artifact id: 'c8a83226f013c1d29f6c5fbf3dbfd58a') in 0.024067 seconds
Number of updated asset objects reloaded before import = 0
Number of asset objects unloaded after import = 3
========================================================================
Received Import Request.
  Time since last request: 0.000013 seconds.
  path: Assets/Standard Assets/Effects/ToonShading/Textures/ToonLit.psd
  artifactKey: Guid(b995d4bd9d11078d11005b9844295342) Importer(2089858483,0ecaa5967403d082aa24f35e1b516d23)
Start importing Assets/Standard Assets/Effects/ToonShading/Textures/ToonLit.psd using Guid(b995d4bd9d11078d11005b9844295342) Importer(2089858483,0ecaa5967403d082aa24f35e1b516d23) [PhysX] Initialized MultithreadedTaskDispatcher with 12 workers.
 -> (artifact id: 'aa72b5a884321aa10f35d4548dbff893') in 0.022700 seconds
Number of updated asset objects reloaded before import = 0
Number of asset objects unloaded after import = 1
========================================================================
Received Import Request.
  Time since last request: 0.000017 seconds.
  path: Assets/Art/UI/Border/System/Saveslots/SaveSlot1-2.png
  artifactKey: Guid(177148009d136a54f86ead749d49505e) Importer(2089858483,0ecaa5967403d082aa24f35e1b516d23)
Start importing Assets/Art/UI/Border/System/Saveslots/SaveSlot1-2.png using Guid(177148009d136a54f86ead749d49505e) Importer(2089858483,0ecaa5967403d082aa24f35e1b516d23) [PhysX] Initialized MultithreadedTaskDispatcher with 12 workers.
 -> (artifact id: '72b765e068886461bdbfac72553b3a8c') in 0.025966 seconds
Number of updated asset objects reloaded before import = 0
Number of asset objects unloaded after import = 3
========================================================================
Received Import Request.
  Time since last request: 0.000029 seconds.
  path: Assets/Art/UI/Border/System/Saveslots/SaveSlot2_hover.png
  artifactKey: Guid(8dde01afc7fc61b438b9cae79fd59b8b) Importer(2089858483,0ecaa5967403d082aa24f35e1b516d23)
Start importing Assets/Art/UI/Border/System/Saveslots/SaveSlot2_hover.png using Guid(8dde01afc7fc61b438b9cae79fd59b8b) Importer(2089858483,0ecaa5967403d082aa24f35e1b516d23) [PhysX] Initialized MultithreadedTaskDispatcher with 12 workers.
 -> (artifact id: '08c94756dd44076f126c673dde8a676f') in 0.025906 seconds
Number of updated asset objects reloaded before import = 0
Number of asset objects unloaded after import = 3
========================================================================
Received Import Request.
  Time since last request: 0.000015 seconds.
  path: Assets/Art/UI/Border/System/Saveslots/Save_hover.png
  artifactKey: Guid(a1e033cf0344cf04ab88fb36d6ae9a2d) Importer(2089858483,0ecaa5967403d082aa24f35e1b516d23)
Start importing Assets/Art/UI/Border/System/Saveslots/Save_hover.png using Guid(a1e033cf0344cf04ab88fb36d6ae9a2d) Importer(2089858483,0ecaa5967403d082aa24f35e1b516d23) [PhysX] Initialized MultithreadedTaskDispatcher with 12 workers.
 -> (artifact id: 'a04a845b22eba47f42e319df2db8660a') in 0.027530 seconds
Number of updated asset objects reloaded before import = 0
Number of asset objects unloaded after import = 3
========================================================================
Received Import Request.
  Time since last request: 0.000021 seconds.
  path: Assets/Scripts/Savefiles/Autosave.cs
  artifactKey: Guid(26349aebf04058b4c8cce6413065a1da) Importer(2089858483,0ecaa5967403d082aa24f35e1b516d23)
Start importing Assets/Scripts/Savefiles/Autosave.cs using Guid(26349aebf04058b4c8cce6413065a1da) Importer(2089858483,0ecaa5967403d082aa24f35e1b516d23) [PhysX] Initialized MultithreadedTaskDispatcher with 12 workers.
 -> (artifact id: '1ae928764f4be16d422ce1a7c66c401d') in 0.007741 seconds
Number of updated asset objects reloaded before import = 0
Number of asset objects unloaded after import = 1
========================================================================
Received Import Request.
  Time since last request: 0.000020 seconds.
  path: Assets/Scripts/Dupe/DupePlacer.cs
  artifactKey: Guid(1b381c6e88fc9484594a80fc67252c34) Importer(2089858483,0ecaa5967403d082aa24f35e1b516d23)
Start importing Assets/Scripts/Dupe/DupePlacer.cs using Guid(1b381c6e88fc9484594a80fc67252c34) Importer(2089858483,0ecaa5967403d082aa24f35e1b516d23) [PhysX] Initialized MultithreadedTaskDispatcher with 12 workers.
 -> (artifact id: '5883ce12bec0e3605ca57d123c05c250') in 0.007086 seconds
Number of updated asset objects reloaded before import = 0
Number of asset objects unloaded after import = 1
========================================================================
Received Import Request.
  Time since last request: 0.000016 seconds.
  path: Assets/Art/Tiles/Wire_on.png
  artifactKey: Guid(a331c5f8766e7514a855abe77f57d87b) Importer(2089858483,0ecaa5967403d082aa24f35e1b516d23)
Start importing Assets/Art/Tiles/Wire_on.png using Guid(a331c5f8766e7514a855abe77f57d87b) Importer(2089858483,0ecaa5967403d082aa24f35e1b516d23) [PhysX] Initialized MultithreadedTaskDispatcher with 12 workers.
 -> (artifact id: '6fc56d5595f26c4c64d5c5e265ddc93b') in 0.023194 seconds
Number of updated asset objects reloaded before import = 0
Number of asset objects unloaded after import = 3
========================================================================
Received Import Request.
  Time since last request: 0.000017 seconds.
  path: Assets/Scripts/Savefiles/Game.cs
  artifactKey: Guid(6eda4260c9661de4f91bed546f0424bd) Importer(2089858483,0ecaa5967403d082aa24f35e1b516d23)
Start importing Assets/Scripts/Savefiles/Game.cs using Guid(6eda4260c9661de4f91bed546f0424bd) Importer(2089858483,0ecaa5967403d082aa24f35e1b516d23) [PhysX] Initialized MultithreadedTaskDispatcher with 12 workers.
 -> (artifact id: 'c99140914ec19cae700edd413dd80666') in 0.006952 seconds
Number of updated asset objects reloaded before import = 0
Number of asset objects unloaded after import = 1
========================================================================
Received Import Request.
  Time since last request: 0.000024 seconds.
  path: Assets/Art/Tiles/HopWire.png
  artifactKey: Guid(b21384b2591b4194f8f5d25c875a17dd) Importer(2089858483,0ecaa5967403d082aa24f35e1b516d23)
Start importing Assets/Art/Tiles/HopWire.png using Guid(b21384b2591b4194f8f5d25c875a17dd) Importer(2089858483,0ecaa5967403d082aa24f35e1b516d23) [PhysX] Initialized MultithreadedTaskDispatcher with 12 workers.
 -> (artifact id: '6aa7628d05c38f73fcac9e7eef2f6c23') in 0.023896 seconds
Number of updated asset objects reloaded before import = 0
Number of asset objects unloaded after import = 3
========================================================================
Received Import Request.
  Time since last request: 0.000017 seconds.
  path: Assets/Art/UI/MenuMap 1.png
  artifactKey: Guid(ab4712eb631f4c143b6751f6a588807e) Importer(2089858483,0ecaa5967403d082aa24f35e1b516d23)
Start importing Assets/Art/UI/MenuMap 1.png using Guid(ab4712eb631f4c143b6751f6a588807e) Importer(2089858483,0ecaa5967403d082aa24f35e1b516d23) [PhysX] Initialized MultithreadedTaskDispatcher with 12 workers.
 -> (artifact id: '9a843d5039449c765734b8204b3a5e5e') in 0.031013 seconds
Number of updated asset objects reloaded before import = 0
Number of asset objects unloaded after import = 3
========================================================================
Received Import Request.
  Time since last request: 0.000021 seconds.
  path: Assets/Art/Tiles/Wire2.png
  artifactKey: Guid(9018930fab6421f4ea8db784c81f0d53) Importer(2089858483,0ecaa5967403d082aa24f35e1b516d23)
Start importing Assets/Art/Tiles/Wire2.png using Guid(9018930fab6421f4ea8db784c81f0d53) Importer(2089858483,0ecaa5967403d082aa24f35e1b516d23) [PhysX] Initialized MultithreadedTaskDispatcher with 12 workers.
 -> (artifact id: '44653bec76b2d29a26fe9b4bc1b28d64') in 0.024577 seconds
Number of updated asset objects reloaded before import = 0
Number of asset objects unloaded after import = 3
========================================================================
Received Import Request.
  Time since last request: 0.000013 seconds.
  path: Assets/Scripts/Components/SaveLoadComp.cs
  artifactKey: Guid(dc8472a8f070ec74ca49dbeb9c06284a) Importer(2089858483,0ecaa5967403d082aa24f35e1b516d23)
Start importing Assets/Scripts/Components/SaveLoadComp.cs using Guid(dc8472a8f070ec74ca49dbeb9c06284a) Importer(2089858483,0ecaa5967403d082aa24f35e1b516d23) [PhysX] Initialized MultithreadedTaskDispatcher with 12 workers.
 -> (artifact id: '71b4e58c5d9e99e1179eb82fb7b75cfa') in 0.007555 seconds
Number of updated asset objects reloaded before import = 0
Number of asset objects unloaded after import = 1
========================================================================
Received Import Request.
  Time since last request: 0.000016 seconds.
  path: Assets/Scripts/UI/FPSCounter.cs
  artifactKey: Guid(621d9cad691a55247885a53e1d25adf9) Importer(2089858483,0ecaa5967403d082aa24f35e1b516d23)
Start importing Assets/Scripts/UI/FPSCounter.cs using Guid(621d9cad691a55247885a53e1d25adf9) Importer(2089858483,0ecaa5967403d082aa24f35e1b516d23) [PhysX] Initialized MultithreadedTaskDispatcher with 12 workers.
 -> (artifact id: '45034ee6203d07714634b87982259d37') in 0.007447 seconds
Number of updated asset objects reloaded before import = 0
Number of asset objects unloaded after import = 1
========================================================================
Received Import Request.
  Time since last request: 0.000014 seconds.
  path: Assets/Art/UI/Border/Puzzle/NextPuzzle_disabled.png
  artifactKey: Guid(80f9e47996bf9864ca5b4440ce8358bc) Importer(2089858483,0ecaa5967403d082aa24f35e1b516d23)
Start importing Assets/Art/UI/Border/Puzzle/NextPuzzle_disabled.png using Guid(80f9e47996bf9864ca5b4440ce8358bc) Importer(2089858483,0ecaa5967403d082aa24f35e1b516d23) [PhysX] Initialized MultithreadedTaskDispatcher with 12 workers.
 -> (artifact id: 'a762ddd55f4680af043dffeaa59d8ffa') in 0.029186 seconds
Number of updated asset objects reloaded before import = 0
Number of asset objects unloaded after import = 3
========================================================================
Received Import Request.
  Time since last request: 99.712100 seconds.
  path: Assets/Menu.unity
  artifactKey: Guid(7559e2be66168a64291011a6ee4ef501) Importer(2089858483,0ecaa5967403d082aa24f35e1b516d23)
Start importing Assets/Menu.unity using Guid(7559e2be66168a64291011a6ee4ef501) Importer(2089858483,0ecaa5967403d082aa24f35e1b516d23) [PhysX] Initialized MultithreadedTaskDispatcher with 12 workers.
 -> (artifact id: '36259be0aab4cf2cd4304b13ef4aaabd') in 0.006054 seconds
Number of updated asset objects reloaded before import = 0
Number of asset objects unloaded after import = 1
========================================================================
Received Import Request.
  Time since last request: 3.219628 seconds.
  path: Assets/Art/Icon_128p.png
  artifactKey: Guid(afcf70fcd40d8de4493a6d536e6e54aa) Importer(815301076,1909f56bfc062723c751e8b465ee728b)
Start importing Assets/Art/Icon_128p.png using Guid(afcf70fcd40d8de4493a6d536e6e54aa) Importer(815301076,1909f56bfc062723c751e8b465ee728b) [PhysX] Initialized MultithreadedTaskDispatcher with 12 workers.
[PhysX] Initialized MultithreadedTaskDispatcher with 12 workers.
 -> (artifact id: '85eb28f72576072a8c8661d0a3c4facf') in 0.061003 seconds
Number of updated asset objects reloaded before import = 0
Number of asset objects unloaded after import = 3
========================================================================
Received Import Request.
  Time since last request: 18.862181 seconds.
  path: Assets/Art/Logo2.png
  artifactKey: Guid(8ca265e87c71c3f4aa67b921876b52aa) Importer(815301076,1909f56bfc062723c751e8b465ee728b)
Start importing Assets/Art/Logo2.png using Guid(8ca265e87c71c3f4aa67b921876b52aa) Importer(815301076,1909f56bfc062723c751e8b465ee728b) [PhysX] Initialized MultithreadedTaskDispatcher with 12 workers.
[PhysX] Initialized MultithreadedTaskDispatcher with 12 workers.
 -> (artifact id: 'a03e6a5a31c2239d1df3d0806c887556') in 0.009016 seconds
Number of updated asset objects reloaded before import = 0
Number of asset objects unloaded after import = 3
========================================================================
Received Prepare
Caller must complete domain reload
Begin MonoManager ReloadAssembly
Symbol file LoadedFromMemory is not a mono symbol file
- Loaded All Assemblies, in  0.647 seconds
Native extension for LinuxStandalone target not found
Native extension for WindowsStandalone target not found
Native extension for OSXStandalone target not found
Native extension for WebGL target not found
Mono: successfully reloaded assembly
- Finished resetting the current domain, in  1.043 seconds
Domain Reload Profiling: 1690ms
	BeginReloadAssembly (331ms)
		ExecutionOrderSort (0ms)
		DisableScriptedObjects (7ms)
		BackupInstance (0ms)
		ReleaseScriptingObjects (0ms)
		CreateAndSetChildDomain (43ms)
	RebuildCommonClasses (39ms)
	RebuildNativeTypeToScriptingClass (12ms)
	initialDomainReloadingComplete (24ms)
	LoadAllAssembliesAndSetupDomain (241ms)
		LoadAssemblies (312ms)
		RebuildTransferFunctionScriptingTraits (0ms)
		AnalyzeDomain (13ms)
			TypeCache.Refresh (5ms)
				TypeCache.ScanAssembly (0ms)
			ScanForSourceGeneratedMonoScriptInfo (0ms)
			ResolveRequiredComponents (6ms)
	FinalizeReload (1043ms)
		ReleaseScriptCaches (0ms)
		RebuildScriptCaches (0ms)
		SetupLoadedEditorAssemblies (686ms)
			LogAssemblyErrors (0ms)
			InitializePlatformSupportModulesInManaged (16ms)
			SetLoadedEditorAssemblies (6ms)
			RefreshPlugins (0ms)
			BeforeProcessingInitializeOnLoad (108ms)
			ProcessInitializeOnLoadAttributes (395ms)
			ProcessInitializeOnLoadMethodAttributes (155ms)
			AfterProcessingInitializeOnLoad (5ms)
			EditorAssembliesLoaded (0ms)
		ExecutionOrderSort2 (0ms)
		AwakeInstancesAfterBackupRestoration (7ms)
WARNING: Shader Unsupported: 'Toon/Lit Outline' - All subshaders removed
WARNING: Shader Did you use #pragma only_renderers and omit this platform?
WARNING: Shader If subshaders removal was intentional, you may have forgotten turning Fallback off?
WARNING: Shader Unsupported: 'Toon/Lit Outline' - All subshaders removed
WARNING: Shader Did you use #pragma only_renderers and omit this platform?
WARNING: Shader If subshaders removal was intentional, you may have forgotten turning Fallback off?
WARNING: Shader Unsupported: 'Toon/Basic Outline' - All subshaders removed
WARNING: Shader Did you use #pragma only_renderers and omit this platform?
WARNING: Shader If subshaders removal was intentional, you may have forgotten turning Fallback off?
WARNING: Shader Unsupported: 'Toon/Basic Outline' - All subshaders removed
WARNING: Shader Did you use #pragma only_renderers and omit this platform?
WARNING: Shader If subshaders removal was intentional, you may have forgotten turning Fallback off?
Refreshing native plugins compatible for Editor in 5.94 ms, found 2 plugins.
Preloading 0 native plugins for Editor in 0.00 ms.
Unloading 2589 Unused Serialized files (Serialized files now loaded: 0)
Unloading 16 unused Assets / (388.5 KB). Loaded Objects now: 3091.
Memory consumption went from 114.3 MB to 114.0 MB.
Total: 7.313200 ms (FindLiveObjects: 0.288700 ms CreateObjectMapping: 0.072300 ms MarkObjects: 6.713500 ms  DeleteObjects: 0.237500 ms)

Prepare: number of updated asset objects reloaded= 0
AssetImportParameters requested are different than current active one (requested -> active):
  custom:video-decoder-webm-vp8: 9c59270c3fd7afecdb556c50c9e8de78 -> 
  custom:SearchIndexIgnoredProperties: e643bd26f0fe6173181afceb89e7c659 -> 
  custom:container-demuxer-ogg: 62fdf1f143b41e24485cea50d1cbac27 -> 
  custom:AudioImporter_EditorPlatform: d09bf68614088b80899f8185d706f6e7 -> 
  custom:video-decoder-ogg-theora: a1e56fd34408186e4bbccfd4996cb3dc -> 
  custom:framework-win-MediaFoundation: 216162199b28c13a410421893ffa2e32 -> 
  custom:video-encoder-webm-vp8: eb34c28f22e8b96e1ab97ce403110664 -> 
  custom:audio-decoder-ogg-vorbis: bf7c407c2cedff20999df2af8eb42d56 -> 
  custom:CustomObjectIndexerAttribute: 9a22284fe3817be447336de3de66b15e -> 
  custom:container-demuxer-webm: 4f35f7cbe854078d1ac9338744f61a02 -> 
  custom:audio-encoder-webm-vorbis: bf7c407c2cedff20999df2af8eb42d56 -> 
  custom:container-muxer-webm: aa71ff27fc2769a1b78a27578f13a17b -> 
========================================================================
Received Prepare
Caller must complete domain reload
Begin MonoManager ReloadAssembly
Symbol file LoadedFromMemory is not a mono symbol file
- Loaded All Assemblies, in  0.685 seconds
Native extension for LinuxStandalone target not found
Native extension for WindowsStandalone target not found
Native extension for OSXStandalone target not found
Native extension for WebGL target not found
Mono: successfully reloaded assembly
- Finished resetting the current domain, in  1.069 seconds
Domain Reload Profiling: 1754ms
	BeginReloadAssembly (344ms)
		ExecutionOrderSort (0ms)
		DisableScriptedObjects (6ms)
		BackupInstance (0ms)
		ReleaseScriptingObjects (0ms)
		CreateAndSetChildDomain (43ms)
	RebuildCommonClasses (49ms)
	RebuildNativeTypeToScriptingClass (14ms)
	initialDomainReloadingComplete (30ms)
	LoadAllAssembliesAndSetupDomain (247ms)
		LoadAssemblies (334ms)
		RebuildTransferFunctionScriptingTraits (0ms)
		AnalyzeDomain (11ms)
			TypeCache.Refresh (6ms)
				TypeCache.ScanAssembly (0ms)
			ScanForSourceGeneratedMonoScriptInfo (0ms)
			ResolveRequiredComponents (4ms)
	FinalizeReload (1069ms)
		ReleaseScriptCaches (0ms)
		RebuildScriptCaches (0ms)
		SetupLoadedEditorAssemblies (694ms)
			LogAssemblyErrors (0ms)
			InitializePlatformSupportModulesInManaged (16ms)
			SetLoadedEditorAssemblies (6ms)
			RefreshPlugins (0ms)
			BeforeProcessingInitializeOnLoad (108ms)
			ProcessInitializeOnLoadAttributes (395ms)
			ProcessInitializeOnLoadMethodAttributes (165ms)
			AfterProcessingInitializeOnLoad (3ms)
			EditorAssembliesLoaded (0ms)
		ExecutionOrderSort2 (0ms)
		AwakeInstancesAfterBackupRestoration (9ms)
WARNING: Shader Unsupported: 'Toon/Lit Outline' - All subshaders removed
WARNING: Shader Did you use #pragma only_renderers and omit this platform?
WARNING: Shader If subshaders removal was intentional, you may have forgotten turning Fallback off?
WARNING: Shader Unsupported: 'Toon/Lit Outline' - All subshaders removed
WARNING: Shader Did you use #pragma only_renderers and omit this platform?
WARNING: Shader If subshaders removal was intentional, you may have forgotten turning Fallback off?
WARNING: Shader Unsupported: 'Toon/Basic Outline' - All subshaders removed
WARNING: Shader Did you use #pragma only_renderers and omit this platform?
WARNING: Shader If subshaders removal was intentional, you may have forgotten turning Fallback off?
WARNING: Shader Unsupported: 'Toon/Basic Outline' - All subshaders removed
WARNING: Shader Did you use #pragma only_renderers and omit this platform?
WARNING: Shader If subshaders removal was intentional, you may have forgotten turning Fallback off?
Refreshing native plugins compatible for Editor in 6.04 ms, found 2 plugins.
Preloading 0 native plugins for Editor in 0.00 ms.
Unloading 2590 Unused Serialized files (Serialized files now loaded: 0)
Unloading 15 unused Assets / (338.6 KB). Loaded Objects now: 3094.
Memory consumption went from 114.6 MB to 114.3 MB.
Total: 7.360600 ms (FindLiveObjects: 0.296300 ms CreateObjectMapping: 0.074000 ms MarkObjects: 6.741500 ms  DeleteObjects: 0.247500 ms)

Prepare: number of updated asset objects reloaded= 0
AssetImportParameters requested are different than current active one (requested -> active):
  custom:video-decoder-webm-vp8: 9c59270c3fd7afecdb556c50c9e8de78 -> 
  custom:SearchIndexIgnoredProperties: e643bd26f0fe6173181afceb89e7c659 -> 
  custom:container-demuxer-ogg: 62fdf1f143b41e24485cea50d1cbac27 -> 
  custom:AudioImporter_EditorPlatform: d09bf68614088b80899f8185d706f6e7 -> 
  custom:video-decoder-ogg-theora: a1e56fd34408186e4bbccfd4996cb3dc -> 
  custom:framework-win-MediaFoundation: 216162199b28c13a410421893ffa2e32 -> 
  custom:video-encoder-webm-vp8: eb34c28f22e8b96e1ab97ce403110664 -> 
  custom:audio-decoder-ogg-vorbis: bf7c407c2cedff20999df2af8eb42d56 -> 
  custom:CustomObjectIndexerAttribute: 9a22284fe3817be447336de3de66b15e -> 
  custom:container-demuxer-webm: 4f35f7cbe854078d1ac9338744f61a02 -> 
  custom:audio-encoder-webm-vorbis: bf7c407c2cedff20999df2af8eb42d56 -> 
  custom:container-muxer-webm: aa71ff27fc2769a1b78a27578f13a17b -> 
========================================================================
Received Prepare
Caller must complete domain reload
Begin MonoManager ReloadAssembly
Symbol file LoadedFromMemory is not a mono symbol file
- Loaded All Assemblies, in  0.745 seconds
Native extension for LinuxStandalone target not found
Native extension for WindowsStandalone target not found
Native extension for OSXStandalone target not found
Native extension for WebGL target not found
Mono: successfully reloaded assembly
- Finished resetting the current domain, in  1.232 seconds
Domain Reload Profiling: 1977ms
	BeginReloadAssembly (330ms)
		ExecutionOrderSort (0ms)
		DisableScriptedObjects (6ms)
		BackupInstance (0ms)
		ReleaseScriptingObjects (0ms)
		CreateAndSetChildDomain (30ms)
	RebuildCommonClasses (40ms)
	RebuildNativeTypeToScriptingClass (12ms)
	initialDomainReloadingComplete (26ms)
	LoadAllAssembliesAndSetupDomain (338ms)
		LoadAssemblies (366ms)
		RebuildTransferFunctionScriptingTraits (0ms)
		AnalyzeDomain (78ms)
			TypeCache.Refresh (56ms)
				TypeCache.ScanAssembly (45ms)
			ScanForSourceGeneratedMonoScriptInfo (18ms)
			ResolveRequiredComponents (4ms)
	FinalizeReload (1233ms)
		ReleaseScriptCaches (0ms)
		RebuildScriptCaches (0ms)
		SetupLoadedEditorAssemblies (741ms)
			LogAssemblyErrors (0ms)
			InitializePlatformSupportModulesInManaged (18ms)
			SetLoadedEditorAssemblies (7ms)
			RefreshPlugins (0ms)
			BeforeProcessingInitializeOnLoad (120ms)
			ProcessInitializeOnLoadAttributes (441ms)
			ProcessInitializeOnLoadMethodAttributes (152ms)
			AfterProcessingInitializeOnLoad (3ms)
			EditorAssembliesLoaded (0ms)
		ExecutionOrderSort2 (0ms)
		AwakeInstancesAfterBackupRestoration (9ms)
WARNING: Shader Unsupported: 'Toon/Lit Outline' - All subshaders removed
WARNING: Shader Did you use #pragma only_renderers and omit this platform?
WARNING: Shader If subshaders removal was intentional, you may have forgotten turning Fallback off?
WARNING: Shader Unsupported: 'Toon/Lit Outline' - All subshaders removed
WARNING: Shader Did you use #pragma only_renderers and omit this platform?
WARNING: Shader If subshaders removal was intentional, you may have forgotten turning Fallback off?
WARNING: Shader Unsupported: 'Toon/Basic Outline' - All subshaders removed
WARNING: Shader Did you use #pragma only_renderers and omit this platform?
WARNING: Shader If subshaders removal was intentional, you may have forgotten turning Fallback off?
WARNING: Shader Unsupported: 'Toon/Basic Outline' - All subshaders removed
WARNING: Shader Did you use #pragma only_renderers and omit this platform?
WARNING: Shader If subshaders removal was intentional, you may have forgotten turning Fallback off?
Refreshing native plugins compatible for Editor in 6.48 ms, found 2 plugins.
Preloading 0 native plugins for Editor in 0.00 ms.
Unloading 2590 Unused Serialized files (Serialized files now loaded: 0)
Unloading 15 unused Assets / (338.6 KB). Loaded Objects now: 3097.
Memory consumption went from 114.6 MB to 114.3 MB.
Total: 6.944100 ms (FindLiveObjects: 0.212000 ms CreateObjectMapping: 0.063900 ms MarkObjects: 6.447900 ms  DeleteObjects: 0.218600 ms)

Prepare: number of updated asset objects reloaded= 0
AssetImportParameters requested are different than current active one (requested -> active):
  custom:video-decoder-webm-vp8: 9c59270c3fd7afecdb556c50c9e8de78 -> 
  custom:SearchIndexIgnoredProperties: e643bd26f0fe6173181afceb89e7c659 -> 
  custom:container-demuxer-ogg: 62fdf1f143b41e24485cea50d1cbac27 -> 
  custom:AudioImporter_EditorPlatform: d09bf68614088b80899f8185d706f6e7 -> 
  custom:video-decoder-ogg-theora: a1e56fd34408186e4bbccfd4996cb3dc -> 
  custom:framework-win-MediaFoundation: 216162199b28c13a410421893ffa2e32 -> 
  custom:video-encoder-webm-vp8: eb34c28f22e8b96e1ab97ce403110664 -> 
  custom:audio-decoder-ogg-vorbis: bf7c407c2cedff20999df2af8eb42d56 -> 
  custom:CustomObjectIndexerAttribute: 9a22284fe3817be447336de3de66b15e -> 
  custom:container-demuxer-webm: 4f35f7cbe854078d1ac9338744f61a02 -> 
  custom:audio-encoder-webm-vorbis: bf7c407c2cedff20999df2af8eb42d56 -> 
  custom:container-muxer-webm: aa71ff27fc2769a1b78a27578f13a17b -> 
========================================================================
Received Prepare
Caller must complete domain reload
Begin MonoManager ReloadAssembly
Symbol file LoadedFromMemory is not a mono symbol file
- Loaded All Assemblies, in  0.622 seconds
Native extension for LinuxStandalone target not found
Native extension for WindowsStandalone target not found
Native extension for OSXStandalone target not found
Native extension for WebGL target not found
Mono: successfully reloaded assembly
- Finished resetting the current domain, in  1.187 seconds
Domain Reload Profiling: 1809ms
	BeginReloadAssembly (300ms)
		ExecutionOrderSort (0ms)
		DisableScriptedObjects (5ms)
		BackupInstance (0ms)
		ReleaseScriptingObjects (0ms)
		CreateAndSetChildDomain (33ms)
	RebuildCommonClasses (37ms)
	RebuildNativeTypeToScriptingClass (11ms)
	initialDomainReloadingComplete (24ms)
	LoadAllAssembliesAndSetupDomain (250ms)
		LoadAssemblies (315ms)
		RebuildTransferFunctionScriptingTraits (0ms)
		AnalyzeDomain (15ms)
			TypeCache.Refresh (7ms)
				TypeCache.ScanAssembly (0ms)
			ScanForSourceGeneratedMonoScriptInfo (0ms)
			ResolveRequiredComponents (6ms)
	FinalizeReload (1188ms)
		ReleaseScriptCaches (0ms)
		RebuildScriptCaches (0ms)
		SetupLoadedEditorAssemblies (786ms)
			LogAssemblyErrors (0ms)
			InitializePlatformSupportModulesInManaged (17ms)
			SetLoadedEditorAssemblies (6ms)
			RefreshPlugins (0ms)
			BeforeProcessingInitializeOnLoad (112ms)
			ProcessInitializeOnLoadAttributes (449ms)
			ProcessInitializeOnLoadMethodAttributes (199ms)
			AfterProcessingInitializeOnLoad (3ms)
			EditorAssembliesLoaded (0ms)
		ExecutionOrderSort2 (0ms)
		AwakeInstancesAfterBackupRestoration (8ms)
WARNING: Shader Unsupported: 'Toon/Lit Outline' - All subshaders removed
WARNING: Shader Did you use #pragma only_renderers and omit this platform?
WARNING: Shader If subshaders removal was intentional, you may have forgotten turning Fallback off?
WARNING: Shader Unsupported: 'Toon/Lit Outline' - All subshaders removed
WARNING: Shader Did you use #pragma only_renderers and omit this platform?
WARNING: Shader If subshaders removal was intentional, you may have forgotten turning Fallback off?
WARNING: Shader Unsupported: 'Toon/Basic Outline' - All subshaders removed
WARNING: Shader Did you use #pragma only_renderers and omit this platform?
WARNING: Shader If subshaders removal was intentional, you may have forgotten turning Fallback off?
WARNING: Shader Unsupported: 'Toon/Basic Outline' - All subshaders removed
WARNING: Shader Did you use #pragma only_renderers and omit this platform?
WARNING: Shader If subshaders removal was intentional, you may have forgotten turning Fallback off?
Refreshing native plugins compatible for Editor in 6.52 ms, found 2 plugins.
Preloading 0 native plugins for Editor in 0.00 ms.
Unloading 2590 Unused Serialized files (Serialized files now loaded: 0)
Unloading 15 unused Assets / (355.7 KB). Loaded Objects now: 3100.
Memory consumption went from 114.6 MB to 114.3 MB.
Total: 7.436500 ms (FindLiveObjects: 0.302900 ms CreateObjectMapping: 0.065100 ms MarkObjects: 6.607700 ms  DeleteObjects: 0.458900 ms)

Prepare: number of updated asset objects reloaded= 0
AssetImportParameters requested are different than current active one (requested -> active):
  custom:video-decoder-webm-vp8: 9c59270c3fd7afecdb556c50c9e8de78 -> 
  custom:SearchIndexIgnoredProperties: e643bd26f0fe6173181afceb89e7c659 -> 
  custom:container-demuxer-ogg: 62fdf1f143b41e24485cea50d1cbac27 -> 
  custom:AudioImporter_EditorPlatform: d09bf68614088b80899f8185d706f6e7 -> 
  custom:video-decoder-ogg-theora: a1e56fd34408186e4bbccfd4996cb3dc -> 
  custom:framework-win-MediaFoundation: 216162199b28c13a410421893ffa2e32 -> 
  custom:video-encoder-webm-vp8: eb34c28f22e8b96e1ab97ce403110664 -> 
  custom:audio-decoder-ogg-vorbis: bf7c407c2cedff20999df2af8eb42d56 -> 
  custom:CustomObjectIndexerAttribute: 9a22284fe3817be447336de3de66b15e -> 
  custom:container-demuxer-webm: 4f35f7cbe854078d1ac9338744f61a02 -> 
  custom:audio-encoder-webm-vorbis: bf7c407c2cedff20999df2af8eb42d56 -> 
  custom:container-muxer-webm: aa71ff27fc2769a1b78a27578f13a17b -> 
========================================================================
Received Prepare
Caller must complete domain reload
Begin MonoManager ReloadAssembly
Symbol file LoadedFromMemory is not a mono symbol file
- Loaded All Assemblies, in  0.628 seconds
Native extension for LinuxStandalone target not found
Native extension for WindowsStandalone target not found
Native extension for OSXStandalone target not found
Native extension for WebGL target not found
Mono: successfully reloaded assembly
- Finished resetting the current domain, in  1.085 seconds
Domain Reload Profiling: 1713ms
	BeginReloadAssembly (307ms)
		ExecutionOrderSort (0ms)
		DisableScriptedObjects (5ms)
		BackupInstance (0ms)
		ReleaseScriptingObjects (0ms)
		CreateAndSetChildDomain (34ms)
	RebuildCommonClasses (36ms)
	RebuildNativeTypeToScriptingClass (12ms)
	initialDomainReloadingComplete (24ms)
	LoadAllAssembliesAndSetupDomain (249ms)
		LoadAssemblies (320ms)
		RebuildTransferFunctionScriptingTraits (0ms)
		AnalyzeDomain (12ms)
			TypeCache.Refresh (7ms)
				TypeCache.ScanAssembly (0ms)
			ScanForSourceGeneratedMonoScriptInfo (0ms)
			ResolveRequiredComponents (4ms)
	FinalizeReload (1086ms)
		ReleaseScriptCaches (0ms)
		RebuildScriptCaches (0ms)
		SetupLoadedEditorAssemblies (710ms)
			LogAssemblyErrors (0ms)
			InitializePlatformSupportModulesInManaged (15ms)
			SetLoadedEditorAssemblies (6ms)
			RefreshPlugins (0ms)
			BeforeProcessingInitializeOnLoad (113ms)
			ProcessInitializeOnLoadAttributes (401ms)
			ProcessInitializeOnLoadMethodAttributes (171ms)
			AfterProcessingInitializeOnLoad (3ms)
			EditorAssembliesLoaded (1ms)
		ExecutionOrderSort2 (0ms)
		AwakeInstancesAfterBackupRestoration (8ms)
WARNING: Shader Unsupported: 'Toon/Lit Outline' - All subshaders removed
WARNING: Shader Did you use #pragma only_renderers and omit this platform?
WARNING: Shader If subshaders removal was intentional, you may have forgotten turning Fallback off?
WARNING: Shader Unsupported: 'Toon/Lit Outline' - All subshaders removed
WARNING: Shader Did you use #pragma only_renderers and omit this platform?
WARNING: Shader If subshaders removal was intentional, you may have forgotten turning Fallback off?
WARNING: Shader Unsupported: 'Toon/Basic Outline' - All subshaders removed
WARNING: Shader Did you use #pragma only_renderers and omit this platform?
WARNING: Shader If subshaders removal was intentional, you may have forgotten turning Fallback off?
WARNING: Shader Unsupported: 'Toon/Basic Outline' - All subshaders removed
WARNING: Shader Did you use #pragma only_renderers and omit this platform?
WARNING: Shader If subshaders removal was intentional, you may have forgotten turning Fallback off?
Refreshing native plugins compatible for Editor in 6.20 ms, found 2 plugins.
Preloading 0 native plugins for Editor in 0.00 ms.
Unloading 2590 Unused Serialized files (Serialized files now loaded: 0)
Unloading 15 unused Assets / (338.6 KB). Loaded Objects now: 3103.
Memory consumption went from 114.6 MB to 114.3 MB.
Total: 6.563600 ms (FindLiveObjects: 0.337200 ms CreateObjectMapping: 0.065500 ms MarkObjects: 5.916600 ms  DeleteObjects: 0.242400 ms)

Prepare: number of updated asset objects reloaded= 0
AssetImportParameters requested are different than current active one (requested -> active):
  custom:video-decoder-webm-vp8: 9c59270c3fd7afecdb556c50c9e8de78 -> 
  custom:SearchIndexIgnoredProperties: e643bd26f0fe6173181afceb89e7c659 -> 
  custom:container-demuxer-ogg: 62fdf1f143b41e24485cea50d1cbac27 -> 
  custom:AudioImporter_EditorPlatform: d09bf68614088b80899f8185d706f6e7 -> 
  custom:video-decoder-ogg-theora: a1e56fd34408186e4bbccfd4996cb3dc -> 
  custom:framework-win-MediaFoundation: 216162199b28c13a410421893ffa2e32 -> 
  custom:video-encoder-webm-vp8: eb34c28f22e8b96e1ab97ce403110664 -> 
  custom:audio-decoder-ogg-vorbis: bf7c407c2cedff20999df2af8eb42d56 -> 
  custom:CustomObjectIndexerAttribute: 9a22284fe3817be447336de3de66b15e -> 
  custom:container-demuxer-webm: 4f35f7cbe854078d1ac9338744f61a02 -> 
  custom:audio-encoder-webm-vorbis: bf7c407c2cedff20999df2af8eb42d56 -> 
  custom:container-muxer-webm: aa71ff27fc2769a1b78a27578f13a17b -> 
========================================================================
Received Prepare
Caller must complete domain reload
Begin MonoManager ReloadAssembly
Symbol file LoadedFromMemory is not a mono symbol file
- Loaded All Assemblies, in  0.658 seconds
Native extension for LinuxStandalone target not found
Native extension for WindowsStandalone target not found
Native extension for OSXStandalone target not found
Native extension for WebGL target not found
Mono: successfully reloaded assembly
- Finished resetting the current domain, in  1.195 seconds
Domain Reload Profiling: 1854ms
	BeginReloadAssembly (325ms)
		ExecutionOrderSort (0ms)
		DisableScriptedObjects (8ms)
		BackupInstance (0ms)
		ReleaseScriptingObjects (0ms)
		CreateAndSetChildDomain (31ms)
	RebuildCommonClasses (39ms)
	RebuildNativeTypeToScriptingClass (14ms)
	initialDomainReloadingComplete (24ms)
	LoadAllAssembliesAndSetupDomain (256ms)
		LoadAssemblies (335ms)
		RebuildTransferFunctionScriptingTraits (0ms)
		AnalyzeDomain (12ms)
			TypeCache.Refresh (6ms)
				TypeCache.ScanAssembly (0ms)
			ScanForSourceGeneratedMonoScriptInfo (0ms)
			ResolveRequiredComponents (5ms)
	FinalizeReload (1196ms)
		ReleaseScriptCaches (0ms)
		RebuildScriptCaches (0ms)
		SetupLoadedEditorAssemblies (803ms)
			LogAssemblyErrors (0ms)
			InitializePlatformSupportModulesInManaged (15ms)
			SetLoadedEditorAssemblies (7ms)
			RefreshPlugins (0ms)
			BeforeProcessingInitializeOnLoad (111ms)
			ProcessInitializeOnLoadAttributes (471ms)
			ProcessInitializeOnLoadMethodAttributes (195ms)
			AfterProcessingInitializeOnLoad (3ms)
			EditorAssembliesLoaded (0ms)
		ExecutionOrderSort2 (0ms)
		AwakeInstancesAfterBackupRestoration (7ms)
WARNING: Shader Unsupported: 'Toon/Lit Outline' - All subshaders removed
WARNING: Shader Did you use #pragma only_renderers and omit this platform?
WARNING: Shader If subshaders removal was intentional, you may have forgotten turning Fallback off?
WARNING: Shader Unsupported: 'Toon/Lit Outline' - All subshaders removed
WARNING: Shader Did you use #pragma only_renderers and omit this platform?
WARNING: Shader If subshaders removal was intentional, you may have forgotten turning Fallback off?
WARNING: Shader Unsupported: 'Toon/Basic Outline' - All subshaders removed
WARNING: Shader Did you use #pragma only_renderers and omit this platform?
WARNING: Shader If subshaders removal was intentional, you may have forgotten turning Fallback off?
WARNING: Shader Unsupported: 'Toon/Basic Outline' - All subshaders removed
WARNING: Shader Did you use #pragma only_renderers and omit this platform?
WARNING: Shader If subshaders removal was intentional, you may have forgotten turning Fallback off?
Refreshing native plugins compatible for Editor in 7.38 ms, found 2 plugins.
Preloading 0 native plugins for Editor in 0.00 ms.
Unloading 2590 Unused Serialized files (Serialized files now loaded: 0)
Unloading 15 unused Assets / (338.7 KB). Loaded Objects now: 3106.
Memory consumption went from 114.6 MB to 114.3 MB.
Total: 7.636700 ms (FindLiveObjects: 0.257400 ms CreateObjectMapping: 0.115800 ms MarkObjects: 6.911400 ms  DeleteObjects: 0.349200 ms)

Prepare: number of updated asset objects reloaded= 0
AssetImportParameters requested are different than current active one (requested -> active):
  custom:video-decoder-webm-vp8: 9c59270c3fd7afecdb556c50c9e8de78 -> 
  custom:SearchIndexIgnoredProperties: e643bd26f0fe6173181afceb89e7c659 -> 
  custom:container-demuxer-ogg: 62fdf1f143b41e24485cea50d1cbac27 -> 
  custom:AudioImporter_EditorPlatform: d09bf68614088b80899f8185d706f6e7 -> 
  custom:video-decoder-ogg-theora: a1e56fd34408186e4bbccfd4996cb3dc -> 
  custom:framework-win-MediaFoundation: 216162199b28c13a410421893ffa2e32 -> 
  custom:video-encoder-webm-vp8: eb34c28f22e8b96e1ab97ce403110664 -> 
  custom:audio-decoder-ogg-vorbis: bf7c407c2cedff20999df2af8eb42d56 -> 
  custom:CustomObjectIndexerAttribute: 9a22284fe3817be447336de3de66b15e -> 
  custom:container-demuxer-webm: 4f35f7cbe854078d1ac9338744f61a02 -> 
  custom:audio-encoder-webm-vorbis: bf7c407c2cedff20999df2af8eb42d56 -> 
  custom:container-muxer-webm: aa71ff27fc2769a1b78a27578f13a17b -> 
========================================================================
Received Prepare
Caller must complete domain reload
Begin MonoManager ReloadAssembly
Symbol file LoadedFromMemory is not a mono symbol file
- Loaded All Assemblies, in  0.629 seconds
Native extension for LinuxStandalone target not found
Native extension for WindowsStandalone target not found
Native extension for OSXStandalone target not found
Native extension for WebGL target not found
Mono: successfully reloaded assembly
- Finished resetting the current domain, in  1.114 seconds
Domain Reload Profiling: 1743ms
	BeginReloadAssembly (317ms)
		ExecutionOrderSort (0ms)
		DisableScriptedObjects (5ms)
		BackupInstance (0ms)
		ReleaseScriptingObjects (0ms)
		CreateAndSetChildDomain (31ms)
	RebuildCommonClasses (33ms)
	RebuildNativeTypeToScriptingClass (12ms)
	initialDomainReloadingComplete (24ms)
	LoadAllAssembliesAndSetupDomain (243ms)
		LoadAssemblies (314ms)
		RebuildTransferFunctionScriptingTraits (0ms)
		AnalyzeDomain (13ms)
			TypeCache.Refresh (6ms)
				TypeCache.ScanAssembly (0ms)
			ScanForSourceGeneratedMonoScriptInfo (0ms)
			ResolveRequiredComponents (6ms)
	FinalizeReload (1114ms)
		ReleaseScriptCaches (0ms)
		RebuildScriptCaches (0ms)
		SetupLoadedEditorAssemblies (726ms)
			LogAssemblyErrors (0ms)
			InitializePlatformSupportModulesInManaged (17ms)
			SetLoadedEditorAssemblies (7ms)
			RefreshPlugins (0ms)
			BeforeProcessingInitializeOnLoad (116ms)
			ProcessInitializeOnLoadAttributes (410ms)
			ProcessInitializeOnLoadMethodAttributes (173ms)
			AfterProcessingInitializeOnLoad (4ms)
			EditorAssembliesLoaded (0ms)
		ExecutionOrderSort2 (0ms)
		AwakeInstancesAfterBackupRestoration (8ms)
WARNING: Shader Unsupported: 'Toon/Lit Outline' - All subshaders removed
WARNING: Shader Did you use #pragma only_renderers and omit this platform?
WARNING: Shader If subshaders removal was intentional, you may have forgotten turning Fallback off?
WARNING: Shader Unsupported: 'Toon/Lit Outline' - All subshaders removed
WARNING: Shader Did you use #pragma only_renderers and omit this platform?
WARNING: Shader If subshaders removal was intentional, you may have forgotten turning Fallback off?
WARNING: Shader Unsupported: 'Toon/Basic Outline' - All subshaders removed
WARNING: Shader Did you use #pragma only_renderers and omit this platform?
WARNING: Shader If subshaders removal was intentional, you may have forgotten turning Fallback off?
WARNING: Shader Unsupported: 'Toon/Basic Outline' - All subshaders removed
WARNING: Shader Did you use #pragma only_renderers and omit this platform?
WARNING: Shader If subshaders removal was intentional, you may have forgotten turning Fallback off?
Refreshing native plugins compatible for Editor in 6.81 ms, found 2 plugins.
Preloading 0 native plugins for Editor in 0.00 ms.
Unloading 2590 Unused Serialized files (Serialized files now loaded: 0)
Unloading 15 unused Assets / (356.1 KB). Loaded Objects now: 3109.
Memory consumption went from 114.7 MB to 114.3 MB.
Total: 8.768000 ms (FindLiveObjects: 0.354100 ms CreateObjectMapping: 0.186400 ms MarkObjects: 7.951100 ms  DeleteObjects: 0.275100 ms)

Prepare: number of updated asset objects reloaded= 0
AssetImportParameters requested are different than current active one (requested -> active):
  custom:video-decoder-webm-vp8: 9c59270c3fd7afecdb556c50c9e8de78 -> 
  custom:SearchIndexIgnoredProperties: e643bd26f0fe6173181afceb89e7c659 -> 
  custom:container-demuxer-ogg: 62fdf1f143b41e24485cea50d1cbac27 -> 
  custom:AudioImporter_EditorPlatform: d09bf68614088b80899f8185d706f6e7 -> 
  custom:video-decoder-ogg-theora: a1e56fd34408186e4bbccfd4996cb3dc -> 
  custom:framework-win-MediaFoundation: 216162199b28c13a410421893ffa2e32 -> 
  custom:video-encoder-webm-vp8: eb34c28f22e8b96e1ab97ce403110664 -> 
  custom:audio-decoder-ogg-vorbis: bf7c407c2cedff20999df2af8eb42d56 -> 
  custom:CustomObjectIndexerAttribute: 9a22284fe3817be447336de3de66b15e -> 
  custom:container-demuxer-webm: 4f35f7cbe854078d1ac9338744f61a02 -> 
  custom:audio-encoder-webm-vorbis: bf7c407c2cedff20999df2af8eb42d56 -> 
  custom:container-muxer-webm: aa71ff27fc2769a1b78a27578f13a17b -> 
========================================================================
Received Prepare
Caller must complete domain reload
Begin MonoManager ReloadAssembly
Symbol file LoadedFromMemory is not a mono symbol file
- Loaded All Assemblies, in  0.703 seconds
Native extension for LinuxStandalone target not found
Native extension for WindowsStandalone target not found
Native extension for OSXStandalone target not found
Native extension for WebGL target not found
Mono: successfully reloaded assembly
- Finished resetting the current domain, in  0.990 seconds
Domain Reload Profiling: 1693ms
	BeginReloadAssembly (313ms)
		ExecutionOrderSort (0ms)
		DisableScriptedObjects (6ms)
		BackupInstance (0ms)
		ReleaseScriptingObjects (0ms)
		CreateAndSetChildDomain (31ms)
	RebuildCommonClasses (32ms)
	RebuildNativeTypeToScriptingClass (11ms)
	initialDomainReloadingComplete (23ms)
	LoadAllAssembliesAndSetupDomain (323ms)
		LoadAssemblies (330ms)
		RebuildTransferFunctionScriptingTraits (0ms)
		AnalyzeDomain (79ms)
			TypeCache.Refresh (53ms)
				TypeCache.ScanAssembly (43ms)
			ScanForSourceGeneratedMonoScriptInfo (22ms)
			ResolveRequiredComponents (4ms)
	FinalizeReload (991ms)
		ReleaseScriptCaches (0ms)
		RebuildScriptCaches (0ms)
		SetupLoadedEditorAssemblies (661ms)
			LogAssemblyErrors (0ms)
			InitializePlatformSupportModulesInManaged (16ms)
			SetLoadedEditorAssemblies (6ms)
			RefreshPlugins (0ms)
			BeforeProcessingInitializeOnLoad (105ms)
			ProcessInitializeOnLoadAttributes (379ms)
			ProcessInitializeOnLoadMethodAttributes (151ms)
			AfterProcessingInitializeOnLoad (3ms)
			EditorAssembliesLoaded (0ms)
		ExecutionOrderSort2 (0ms)
		AwakeInstancesAfterBackupRestoration (6ms)
WARNING: Shader Unsupported: 'Toon/Lit Outline' - All subshaders removed
WARNING: Shader Did you use #pragma only_renderers and omit this platform?
WARNING: Shader If subshaders removal was intentional, you may have forgotten turning Fallback off?
WARNING: Shader Unsupported: 'Toon/Lit Outline' - All subshaders removed
WARNING: Shader Did you use #pragma only_renderers and omit this platform?
WARNING: Shader If subshaders removal was intentional, you may have forgotten turning Fallback off?
WARNING: Shader Unsupported: 'Toon/Basic Outline' - All subshaders removed
WARNING: Shader Did you use #pragma only_renderers and omit this platform?
WARNING: Shader If subshaders removal was intentional, you may have forgotten turning Fallback off?
WARNING: Shader Unsupported: 'Toon/Basic Outline' - All subshaders removed
WARNING: Shader Did you use #pragma only_renderers and omit this platform?
WARNING: Shader If subshaders removal was intentional, you may have forgotten turning Fallback off?
Refreshing native plugins compatible for Editor in 6.00 ms, found 2 plugins.
Preloading 0 native plugins for Editor in 0.00 ms.
Unloading 2590 Unused Serialized files (Serialized files now loaded: 0)
Unloading 15 unused Assets / (356.3 KB). Loaded Objects now: 3112.
Memory consumption went from 114.7 MB to 114.3 MB.
Total: 6.998700 ms (FindLiveObjects: 0.313300 ms CreateObjectMapping: 0.075900 ms MarkObjects: 6.311000 ms  DeleteObjects: 0.296900 ms)

Prepare: number of updated asset objects reloaded= 0
AssetImportParameters requested are different than current active one (requested -> active):
  custom:video-decoder-webm-vp8: 9c59270c3fd7afecdb556c50c9e8de78 -> 
  custom:SearchIndexIgnoredProperties: e643bd26f0fe6173181afceb89e7c659 -> 
  custom:container-demuxer-ogg: 62fdf1f143b41e24485cea50d1cbac27 -> 
  custom:AudioImporter_EditorPlatform: d09bf68614088b80899f8185d706f6e7 -> 
  custom:video-decoder-ogg-theora: a1e56fd34408186e4bbccfd4996cb3dc -> 
  custom:framework-win-MediaFoundation: 216162199b28c13a410421893ffa2e32 -> 
  custom:video-encoder-webm-vp8: eb34c28f22e8b96e1ab97ce403110664 -> 
  custom:audio-decoder-ogg-vorbis: bf7c407c2cedff20999df2af8eb42d56 -> 
  custom:CustomObjectIndexerAttribute: 9a22284fe3817be447336de3de66b15e -> 
  custom:container-demuxer-webm: 4f35f7cbe854078d1ac9338744f61a02 -> 
  custom:audio-encoder-webm-vorbis: bf7c407c2cedff20999df2af8eb42d56 -> 
  custom:container-muxer-webm: aa71ff27fc2769a1b78a27578f13a17b -> 
========================================================================
Received Prepare
WARNING: Shader Unsupported: 'Toon/Lit Outline' - All subshaders removed
WARNING: Shader Did you use #pragma only_renderers and omit this platform?
WARNING: Shader If subshaders removal was intentional, you may have forgotten turning Fallback off?
WARNING: Shader Unsupported: 'Toon/Lit Outline' - All subshaders removed
WARNING: Shader Did you use #pragma only_renderers and omit this platform?
WARNING: Shader If subshaders removal was intentional, you may have forgotten turning Fallback off?
WARNING: Shader Unsupported: 'Toon/Basic Outline' - All subshaders removed
WARNING: Shader Did you use #pragma only_renderers and omit this platform?
WARNING: Shader If subshaders removal was intentional, you may have forgotten turning Fallback off?
WARNING: Shader Unsupported: 'Toon/Basic Outline' - All subshaders removed
WARNING: Shader Did you use #pragma only_renderers and omit this platform?
WARNING: Shader If subshaders removal was intentional, you may have forgotten turning Fallback off?
Refreshing native plugins compatible for Editor in 7.64 ms, found 2 plugins.
Preloading 0 native plugins for Editor in 0.00 ms.
Unloading 3 Unused Serialized files (Serialized files now loaded: 0)
Unloading 3 unused Assets / (351.4 KB). Loaded Objects now: 3112.
Memory consumption went from 74.8 MB to 74.5 MB.
Total: 7.693000 ms (FindLiveObjects: 0.340100 ms CreateObjectMapping: 0.082700 ms MarkObjects: 6.989800 ms  DeleteObjects: 0.279200 ms)

Prepare: number of updated asset objects reloaded= 0
AssetImportParameters requested are different than current active one (requested -> active):
  custom:video-decoder-webm-vp8: 9c59270c3fd7afecdb556c50c9e8de78 -> 
  custom:SearchIndexIgnoredProperties: e643bd26f0fe6173181afceb89e7c659 -> 
  custom:container-demuxer-ogg: 62fdf1f143b41e24485cea50d1cbac27 -> 
  custom:AudioImporter_EditorPlatform: d09bf68614088b80899f8185d706f6e7 -> 
  custom:video-decoder-ogg-theora: a1e56fd34408186e4bbccfd4996cb3dc -> 
  custom:framework-win-MediaFoundation: 216162199b28c13a410421893ffa2e32 -> 
  custom:video-encoder-webm-vp8: eb34c28f22e8b96e1ab97ce403110664 -> 
  custom:audio-decoder-ogg-vorbis: bf7c407c2cedff20999df2af8eb42d56 -> 
  custom:CustomObjectIndexerAttribute: 9a22284fe3817be447336de3de66b15e -> 
  custom:container-demuxer-webm: 4f35f7cbe854078d1ac9338744f61a02 -> 
  custom:audio-encoder-webm-vorbis: bf7c407c2cedff20999df2af8eb42d56 -> 
  custom:container-muxer-webm: aa71ff27fc2769a1b78a27578f13a17b -> 
========================================================================
Received Prepare
WARNING: Shader Unsupported: 'Toon/Lit Outline' - All subshaders removed
WARNING: Shader Did you use #pragma only_renderers and omit this platform?
WARNING: Shader If subshaders removal was intentional, you may have forgotten turning Fallback off?
WARNING: Shader Unsupported: 'Toon/Lit Outline' - All subshaders removed
WARNING: Shader Did you use #pragma only_renderers and omit this platform?
WARNING: Shader If subshaders removal was intentional, you may have forgotten turning Fallback off?
WARNING: Shader Unsupported: 'Toon/Basic Outline' - All subshaders removed
WARNING: Shader Did you use #pragma only_renderers and omit this platform?
WARNING: Shader If subshaders removal was intentional, you may have forgotten turning Fallback off?
WARNING: Shader Unsupported: 'Toon/Basic Outline' - All subshaders removed
WARNING: Shader Did you use #pragma only_renderers and omit this platform?
WARNING: Shader If subshaders removal was intentional, you may have forgotten turning Fallback off?
Refreshing native plugins compatible for Editor in 8.07 ms, found 2 plugins.
Preloading 0 native plugins for Editor in 0.00 ms.
Unloading 3 Unused Serialized files (Serialized files now loaded: 0)
Unloading 3 unused Assets / (336.6 KB). Loaded Objects now: 3112.
Memory consumption went from 74.6 MB to 74.3 MB.
Total: 9.921100 ms (FindLiveObjects: 0.340800 ms CreateObjectMapping: 0.076800 ms MarkObjects: 9.170500 ms  DeleteObjects: 0.331800 ms)

Prepare: number of updated asset objects reloaded= 0
AssetImportParameters requested are different than current active one (requested -> active):
  custom:video-decoder-webm-vp8: 9c59270c3fd7afecdb556c50c9e8de78 -> 
  custom:SearchIndexIgnoredProperties: e643bd26f0fe6173181afceb89e7c659 -> 
  custom:container-demuxer-ogg: 62fdf1f143b41e24485cea50d1cbac27 -> 
  custom:AudioImporter_EditorPlatform: d09bf68614088b80899f8185d706f6e7 -> 
  custom:video-decoder-ogg-theora: a1e56fd34408186e4bbccfd4996cb3dc -> 
  custom:framework-win-MediaFoundation: 216162199b28c13a410421893ffa2e32 -> 
  custom:video-encoder-webm-vp8: eb34c28f22e8b96e1ab97ce403110664 -> 
  custom:audio-decoder-ogg-vorbis: bf7c407c2cedff20999df2af8eb42d56 -> 
  custom:CustomObjectIndexerAttribute: 9a22284fe3817be447336de3de66b15e -> 
  custom:container-demuxer-webm: 4f35f7cbe854078d1ac9338744f61a02 -> 
  custom:audio-encoder-webm-vorbis: bf7c407c2cedff20999df2af8eb42d56 -> 
  custom:container-muxer-webm: aa71ff27fc2769a1b78a27578f13a17b -> 
========================================================================
Received Prepare
Caller must complete domain reload
Begin MonoManager ReloadAssembly
Symbol file LoadedFromMemory is not a mono symbol file
- Loaded All Assemblies, in  0.825 seconds
Native extension for LinuxStandalone target not found
Native extension for WindowsStandalone target not found
Native extension for OSXStandalone target not found
Native extension for WebGL target not found
Mono: successfully reloaded assembly
- Finished resetting the current domain, in  1.297 seconds
Domain Reload Profiling: 2122ms
	BeginReloadAssembly (357ms)
		ExecutionOrderSort (0ms)
		DisableScriptedObjects (7ms)
		BackupInstance (0ms)
		ReleaseScriptingObjects (0ms)
		CreateAndSetChildDomain (37ms)
	RebuildCommonClasses (36ms)
	RebuildNativeTypeToScriptingClass (13ms)
	initialDomainReloadingComplete (28ms)
	LoadAllAssembliesAndSetupDomain (391ms)
		LoadAssemblies (368ms)
		RebuildTransferFunctionScriptingTraits (0ms)
		AnalyzeDomain (118ms)
			TypeCache.Refresh (80ms)
				TypeCache.ScanAssembly (63ms)
			ScanForSourceGeneratedMonoScriptInfo (29ms)
			ResolveRequiredComponents (7ms)
	FinalizeReload (1298ms)
		ReleaseScriptCaches (0ms)
		RebuildScriptCaches (0ms)
		SetupLoadedEditorAssemblies (808ms)
			LogAssemblyErrors (0ms)
			InitializePlatformSupportModulesInManaged (18ms)
			SetLoadedEditorAssemblies (7ms)
			RefreshPlugins (0ms)
			BeforeProcessingInitializeOnLoad (130ms)
			ProcessInitializeOnLoadAttributes (451ms)
			ProcessInitializeOnLoadMethodAttributes (198ms)
			AfterProcessingInitializeOnLoad (4ms)
			EditorAssembliesLoaded (0ms)
		ExecutionOrderSort2 (0ms)
		AwakeInstancesAfterBackupRestoration (8ms)
WARNING: Shader Unsupported: 'Toon/Lit Outline' - All subshaders removed
WARNING: Shader Did you use #pragma only_renderers and omit this platform?
WARNING: Shader If subshaders removal was intentional, you may have forgotten turning Fallback off?
WARNING: Shader Unsupported: 'Toon/Lit Outline' - All subshaders removed
WARNING: Shader Did you use #pragma only_renderers and omit this platform?
WARNING: Shader If subshaders removal was intentional, you may have forgotten turning Fallback off?
WARNING: Shader Unsupported: 'Toon/Basic Outline' - All subshaders removed
WARNING: Shader Did you use #pragma only_renderers and omit this platform?
WARNING: Shader If subshaders removal was intentional, you may have forgotten turning Fallback off?
WARNING: Shader Unsupported: 'Toon/Basic Outline' - All subshaders removed
WARNING: Shader Did you use #pragma only_renderers and omit this platform?
WARNING: Shader If subshaders removal was intentional, you may have forgotten turning Fallback off?
Refreshing native plugins compatible for Editor in 7.11 ms, found 2 plugins.
Preloading 0 native plugins for Editor in 0.00 ms.
Unloading 2590 Unused Serialized files (Serialized files now loaded: 0)
Unloading 15 unused Assets / (362.9 KB). Loaded Objects now: 3115.
Memory consumption went from 114.7 MB to 114.3 MB.
Total: 9.426200 ms (FindLiveObjects: 0.348900 ms CreateObjectMapping: 0.068800 ms MarkObjects: 8.709900 ms  DeleteObjects: 0.296500 ms)

Prepare: number of updated asset objects reloaded= 0
AssetImportParameters requested are different than current active one (requested -> active):
  custom:video-decoder-webm-vp8: 9c59270c3fd7afecdb556c50c9e8de78 -> 
  custom:SearchIndexIgnoredProperties: e643bd26f0fe6173181afceb89e7c659 -> 
  custom:container-demuxer-ogg: 62fdf1f143b41e24485cea50d1cbac27 -> 
  custom:AudioImporter_EditorPlatform: d09bf68614088b80899f8185d706f6e7 -> 
  custom:video-decoder-ogg-theora: a1e56fd34408186e4bbccfd4996cb3dc -> 
  custom:framework-win-MediaFoundation: 216162199b28c13a410421893ffa2e32 -> 
  custom:video-encoder-webm-vp8: eb34c28f22e8b96e1ab97ce403110664 -> 
  custom:audio-decoder-ogg-vorbis: bf7c407c2cedff20999df2af8eb42d56 -> 
  custom:CustomObjectIndexerAttribute: 9a22284fe3817be447336de3de66b15e -> 
  custom:container-demuxer-webm: 4f35f7cbe854078d1ac9338744f61a02 -> 
  custom:audio-encoder-webm-vorbis: bf7c407c2cedff20999df2af8eb42d56 -> 
  custom:container-muxer-webm: aa71ff27fc2769a1b78a27578f13a17b -> 
========================================================================
Received Prepare
WARNING: Shader Unsupported: 'Toon/Lit Outline' - All subshaders removed
WARNING: Shader Did you use #pragma only_renderers and omit this platform?
WARNING: Shader If subshaders removal was intentional, you may have forgotten turning Fallback off?
WARNING: Shader Unsupported: 'Toon/Lit Outline' - All subshaders removed
WARNING: Shader Did you use #pragma only_renderers and omit this platform?
WARNING: Shader If subshaders removal was intentional, you may have forgotten turning Fallback off?
WARNING: Shader Unsupported: 'Toon/Basic Outline' - All subshaders removed
WARNING: Shader Did you use #pragma only_renderers and omit this platform?
WARNING: Shader If subshaders removal was intentional, you may have forgotten turning Fallback off?
WARNING: Shader Unsupported: 'Toon/Basic Outline' - All subshaders removed
WARNING: Shader Did you use #pragma only_renderers and omit this platform?
WARNING: Shader If subshaders removal was intentional, you may have forgotten turning Fallback off?
Refreshing native plugins compatible for Editor in 8.79 ms, found 2 plugins.
Preloading 0 native plugins for Editor in 0.00 ms.
Unloading 3 Unused Serialized files (Serialized files now loaded: 0)
Unloading 3 unused Assets / (319.3 KB). Loaded Objects now: 3115.
Memory consumption went from 74.8 MB to 74.5 MB.
Total: 10.656300 ms (FindLiveObjects: 0.415700 ms CreateObjectMapping: 0.092900 ms MarkObjects: 9.781800 ms  DeleteObjects: 0.364300 ms)

Prepare: number of updated asset objects reloaded= 0
AssetImportParameters requested are different than current active one (requested -> active):
  custom:video-decoder-webm-vp8: 9c59270c3fd7afecdb556c50c9e8de78 -> 
  custom:SearchIndexIgnoredProperties: e643bd26f0fe6173181afceb89e7c659 -> 
  custom:container-demuxer-ogg: 62fdf1f143b41e24485cea50d1cbac27 -> 
  custom:AudioImporter_EditorPlatform: d09bf68614088b80899f8185d706f6e7 -> 
  custom:video-decoder-ogg-theora: a1e56fd34408186e4bbccfd4996cb3dc -> 
  custom:framework-win-MediaFoundation: 216162199b28c13a410421893ffa2e32 -> 
  custom:video-encoder-webm-vp8: eb34c28f22e8b96e1ab97ce403110664 -> 
  custom:audio-decoder-ogg-vorbis: bf7c407c2cedff20999df2af8eb42d56 -> 
  custom:CustomObjectIndexerAttribute: 9a22284fe3817be447336de3de66b15e -> 
  custom:container-demuxer-webm: 4f35f7cbe854078d1ac9338744f61a02 -> 
  custom:audio-encoder-webm-vorbis: bf7c407c2cedff20999df2af8eb42d56 -> 
  custom:container-muxer-webm: aa71ff27fc2769a1b78a27578f13a17b -> 
========================================================================
Received Prepare
WARNING: Shader Unsupported: 'Toon/Lit Outline' - All subshaders removed
WARNING: Shader Did you use #pragma only_renderers and omit this platform?
WARNING: Shader If subshaders removal was intentional, you may have forgotten turning Fallback off?
WARNING: Shader Unsupported: 'Toon/Lit Outline' - All subshaders removed
WARNING: Shader Did you use #pragma only_renderers and omit this platform?
WARNING: Shader If subshaders removal was intentional, you may have forgotten turning Fallback off?
WARNING: Shader Unsupported: 'Toon/Basic Outline' - All subshaders removed
WARNING: Shader Did you use #pragma only_renderers and omit this platform?
WARNING: Shader If subshaders removal was intentional, you may have forgotten turning Fallback off?
WARNING: Shader Unsupported: 'Toon/Basic Outline' - All subshaders removed
WARNING: Shader Did you use #pragma only_renderers and omit this platform?
WARNING: Shader If subshaders removal was intentional, you may have forgotten turning Fallback off?
Refreshing native plugins compatible for Editor in 5.55 ms, found 2 plugins.
Preloading 0 native plugins for Editor in 0.00 ms.
Unloading 3 Unused Serialized files (Serialized files now loaded: 0)
Unloading 3 unused Assets / (351.3 KB). Loaded Objects now: 3115.
Memory consumption went from 74.6 MB to 74.3 MB.
Total: 6.844500 ms (FindLiveObjects: 0.254300 ms CreateObjectMapping: 0.074500 ms MarkObjects: 6.274800 ms  DeleteObjects: 0.240200 ms)

Prepare: number of updated asset objects reloaded= 0
AssetImportParameters requested are different than current active one (requested -> active):
  custom:video-decoder-webm-vp8: 9c59270c3fd7afecdb556c50c9e8de78 -> 
  custom:SearchIndexIgnoredProperties: e643bd26f0fe6173181afceb89e7c659 -> 
  custom:container-demuxer-ogg: 62fdf1f143b41e24485cea50d1cbac27 -> 
  custom:AudioImporter_EditorPlatform: d09bf68614088b80899f8185d706f6e7 -> 
  custom:video-decoder-ogg-theora: a1e56fd34408186e4bbccfd4996cb3dc -> 
  custom:framework-win-MediaFoundation: 216162199b28c13a410421893ffa2e32 -> 
  custom:video-encoder-webm-vp8: eb34c28f22e8b96e1ab97ce403110664 -> 
  custom:audio-decoder-ogg-vorbis: bf7c407c2cedff20999df2af8eb42d56 -> 
  custom:CustomObjectIndexerAttribute: 9a22284fe3817be447336de3de66b15e -> 
  custom:container-demuxer-webm: 4f35f7cbe854078d1ac9338744f61a02 -> 
  custom:audio-encoder-webm-vorbis: bf7c407c2cedff20999df2af8eb42d56 -> 
  custom:container-muxer-webm: aa71ff27fc2769a1b78a27578f13a17b -> 
========================================================================
Received Prepare
Caller must complete domain reload
Begin MonoManager ReloadAssembly
Symbol file LoadedFromMemory is not a mono symbol file
- Loaded All Assemblies, in  0.755 seconds
Native extension for LinuxStandalone target not found
Native extension for WindowsStandalone target not found
Native extension for OSXStandalone target not found
Native extension for WebGL target not found
Mono: successfully reloaded assembly
- Finished resetting the current domain, in  1.056 seconds
Domain Reload Profiling: 1811ms
	BeginReloadAssembly (326ms)
		ExecutionOrderSort (0ms)
		DisableScriptedObjects (7ms)
		BackupInstance (0ms)
		ReleaseScriptingObjects (0ms)
		CreateAndSetChildDomain (34ms)
	RebuildCommonClasses (33ms)
	RebuildNativeTypeToScriptingClass (11ms)
	initialDomainReloadingComplete (28ms)
	LoadAllAssembliesAndSetupDomain (357ms)
		LoadAssemblies (364ms)
		RebuildTransferFunctionScriptingTraits (0ms)
		AnalyzeDomain (82ms)
			TypeCache.Refresh (54ms)
				TypeCache.ScanAssembly (43ms)
			ScanForSourceGeneratedMonoScriptInfo (22ms)
			ResolveRequiredComponents (5ms)
	FinalizeReload (1056ms)
		ReleaseScriptCaches (0ms)
		RebuildScriptCaches (0ms)
		SetupLoadedEditorAssemblies (697ms)
			LogAssemblyErrors (0ms)
			InitializePlatformSupportModulesInManaged (26ms)
			SetLoadedEditorAssemblies (8ms)
			RefreshPlugins (0ms)
			BeforeProcessingInitializeOnLoad (122ms)
			ProcessInitializeOnLoadAttributes (383ms)
			ProcessInitializeOnLoadMethodAttributes (155ms)
			AfterProcessingInitializeOnLoad (3ms)
			EditorAssembliesLoaded (0ms)
		ExecutionOrderSort2 (0ms)
		AwakeInstancesAfterBackupRestoration (6ms)
WARNING: Shader Unsupported: 'Toon/Lit Outline' - All subshaders removed
WARNING: Shader Did you use #pragma only_renderers and omit this platform?
WARNING: Shader If subshaders removal was intentional, you may have forgotten turning Fallback off?
WARNING: Shader Unsupported: 'Toon/Lit Outline' - All subshaders removed
WARNING: Shader Did you use #pragma only_renderers and omit this platform?
WARNING: Shader If subshaders removal was intentional, you may have forgotten turning Fallback off?
WARNING: Shader Unsupported: 'Toon/Basic Outline' - All subshaders removed
WARNING: Shader Did you use #pragma only_renderers and omit this platform?
WARNING: Shader If subshaders removal was intentional, you may have forgotten turning Fallback off?
WARNING: Shader Unsupported: 'Toon/Basic Outline' - All subshaders removed
WARNING: Shader Did you use #pragma only_renderers and omit this platform?
WARNING: Shader If subshaders removal was intentional, you may have forgotten turning Fallback off?
Refreshing native plugins compatible for Editor in 5.52 ms, found 2 plugins.
Preloading 0 native plugins for Editor in 0.00 ms.
Unloading 2590 Unused Serialized files (Serialized files now loaded: 0)
Unloading 15 unused Assets / (332.2 KB). Loaded Objects now: 3118.
Memory consumption went from 114.6 MB to 114.3 MB.
Total: 6.645500 ms (FindLiveObjects: 0.269000 ms CreateObjectMapping: 0.084700 ms MarkObjects: 6.073300 ms  DeleteObjects: 0.217500 ms)

Prepare: number of updated asset objects reloaded= 0
AssetImportParameters requested are different than current active one (requested -> active):
  custom:video-decoder-webm-vp8: 9c59270c3fd7afecdb556c50c9e8de78 -> 
  custom:SearchIndexIgnoredProperties: e643bd26f0fe6173181afceb89e7c659 -> 
  custom:container-demuxer-ogg: 62fdf1f143b41e24485cea50d1cbac27 -> 
  custom:AudioImporter_EditorPlatform: d09bf68614088b80899f8185d706f6e7 -> 
  custom:video-decoder-ogg-theora: a1e56fd34408186e4bbccfd4996cb3dc -> 
  custom:framework-win-MediaFoundation: 216162199b28c13a410421893ffa2e32 -> 
  custom:video-encoder-webm-vp8: eb34c28f22e8b96e1ab97ce403110664 -> 
  custom:audio-decoder-ogg-vorbis: bf7c407c2cedff20999df2af8eb42d56 -> 
  custom:CustomObjectIndexerAttribute: 9a22284fe3817be447336de3de66b15e -> 
  custom:container-demuxer-webm: 4f35f7cbe854078d1ac9338744f61a02 -> 
  custom:audio-encoder-webm-vorbis: bf7c407c2cedff20999df2af8eb42d56 -> 
  custom:container-muxer-webm: aa71ff27fc2769a1b78a27578f13a17b -> 
========================================================================
Received Prepare
WARNING: Shader Unsupported: 'Toon/Lit Outline' - All subshaders removed
WARNING: Shader Did you use #pragma only_renderers and omit this platform?
WARNING: Shader If subshaders removal was intentional, you may have forgotten turning Fallback off?
WARNING: Shader Unsupported: 'Toon/Lit Outline' - All subshaders removed
WARNING: Shader Did you use #pragma only_renderers and omit this platform?
WARNING: Shader If subshaders removal was intentional, you may have forgotten turning Fallback off?
WARNING: Shader Unsupported: 'Toon/Basic Outline' - All subshaders removed
WARNING: Shader Did you use #pragma only_renderers and omit this platform?
WARNING: Shader If subshaders removal was intentional, you may have forgotten turning Fallback off?
WARNING: Shader Unsupported: 'Toon/Basic Outline' - All subshaders removed
WARNING: Shader Did you use #pragma only_renderers and omit this platform?
WARNING: Shader If subshaders removal was intentional, you may have forgotten turning Fallback off?
Refreshing native plugins compatible for Editor in 6.07 ms, found 2 plugins.
Preloading 0 native plugins for Editor in 0.00 ms.
Unloading 3 Unused Serialized files (Serialized files now loaded: 0)
Unloading 3 unused Assets / (327.4 KB). Loaded Objects now: 3118.
Memory consumption went from 74.8 MB to 74.5 MB.
Total: 7.222800 ms (FindLiveObjects: 0.306500 ms CreateObjectMapping: 0.073500 ms MarkObjects: 6.615800 ms  DeleteObjects: 0.225900 ms)

Prepare: number of updated asset objects reloaded= 0
AssetImportParameters requested are different than current active one (requested -> active):
  custom:video-decoder-webm-vp8: 9c59270c3fd7afecdb556c50c9e8de78 -> 
  custom:SearchIndexIgnoredProperties: e643bd26f0fe6173181afceb89e7c659 -> 
  custom:container-demuxer-ogg: 62fdf1f143b41e24485cea50d1cbac27 -> 
  custom:AudioImporter_EditorPlatform: d09bf68614088b80899f8185d706f6e7 -> 
  custom:video-decoder-ogg-theora: a1e56fd34408186e4bbccfd4996cb3dc -> 
  custom:framework-win-MediaFoundation: 216162199b28c13a410421893ffa2e32 -> 
  custom:video-encoder-webm-vp8: eb34c28f22e8b96e1ab97ce403110664 -> 
  custom:audio-decoder-ogg-vorbis: bf7c407c2cedff20999df2af8eb42d56 -> 
  custom:CustomObjectIndexerAttribute: 9a22284fe3817be447336de3de66b15e -> 
  custom:container-demuxer-webm: 4f35f7cbe854078d1ac9338744f61a02 -> 
  custom:audio-encoder-webm-vorbis: bf7c407c2cedff20999df2af8eb42d56 -> 
  custom:container-muxer-webm: aa71ff27fc2769a1b78a27578f13a17b -> 
========================================================================
Received Prepare
WARNING: Shader Unsupported: 'Toon/Lit Outline' - All subshaders removed
WARNING: Shader Did you use #pragma only_renderers and omit this platform?
WARNING: Shader If subshaders removal was intentional, you may have forgotten turning Fallback off?
WARNING: Shader Unsupported: 'Toon/Lit Outline' - All subshaders removed
WARNING: Shader Did you use #pragma only_renderers and omit this platform?
WARNING: Shader If subshaders removal was intentional, you may have forgotten turning Fallback off?
WARNING: Shader Unsupported: 'Toon/Basic Outline' - All subshaders removed
WARNING: Shader Did you use #pragma only_renderers and omit this platform?
WARNING: Shader If subshaders removal was intentional, you may have forgotten turning Fallback off?
WARNING: Shader Unsupported: 'Toon/Basic Outline' - All subshaders removed
WARNING: Shader Did you use #pragma only_renderers and omit this platform?
WARNING: Shader If subshaders removal was intentional, you may have forgotten turning Fallback off?
Refreshing native plugins compatible for Editor in 8.41 ms, found 2 plugins.
Preloading 0 native plugins for Editor in 0.00 ms.
Unloading 3 Unused Serialized files (Serialized files now loaded: 0)
Unloading 3 unused Assets / (336.6 KB). Loaded Objects now: 3118.
Memory consumption went from 74.6 MB to 74.3 MB.
Total: 7.211800 ms (FindLiveObjects: 0.280000 ms CreateObjectMapping: 0.172600 ms MarkObjects: 6.494700 ms  DeleteObjects: 0.263200 ms)

Prepare: number of updated asset objects reloaded= 0
AssetImportParameters requested are different than current active one (requested -> active):
  custom:video-decoder-webm-vp8: 9c59270c3fd7afecdb556c50c9e8de78 -> 
  custom:SearchIndexIgnoredProperties: e643bd26f0fe6173181afceb89e7c659 -> 
  custom:container-demuxer-ogg: 62fdf1f143b41e24485cea50d1cbac27 -> 
  custom:AudioImporter_EditorPlatform: d09bf68614088b80899f8185d706f6e7 -> 
  custom:video-decoder-ogg-theora: a1e56fd34408186e4bbccfd4996cb3dc -> 
  custom:framework-win-MediaFoundation: 216162199b28c13a410421893ffa2e32 -> 
  custom:video-encoder-webm-vp8: eb34c28f22e8b96e1ab97ce403110664 -> 
  custom:audio-decoder-ogg-vorbis: bf7c407c2cedff20999df2af8eb42d56 -> 
  custom:CustomObjectIndexerAttribute: 9a22284fe3817be447336de3de66b15e -> 
  custom:container-demuxer-webm: 4f35f7cbe854078d1ac9338744f61a02 -> 
  custom:audio-encoder-webm-vorbis: bf7c407c2cedff20999df2af8eb42d56 -> 
  custom:container-muxer-webm: aa71ff27fc2769a1b78a27578f13a17b -> 
